CUST_ID,BALANCE,BALANCE_FREQUENCY,PURCHASES,ONEOFF_PURCHASES,INSTALLMENTS_PURCHASES,CASH_ADVANCE,PURCHASES_FREQUENCY,PURCHASES_TRX,CREDIT_LIMIT,PAYMENTS,MINIMUM_PAYMENTS,PRC_FULL_PAYMENT,LOAN_HOLDINGS,TENURE
C10001,6245.071229516849,0.985,4520.46,2843.38,1677.08,476.62,0.875,47,9797.33,3475.43,1410.61,0.347,2,12
C10002,5292.603548243223,0.921,5267.56,3872.24,1395.32,284.43,0.993,59,10219.45,5352.2,1009.04,0.308,0,12
C10003,6471.5328071510385,0.95,4298.74,3554.41,744.33,263.9,0.818,38,14966.84,4424.07,656.875,0.737,2,12
C10004,7784.544784612038,0.876,5478.58,3858.41,1620.17,938.62,0.937,49,15590.84,4039.45,1233.67,0.418,2,12
C10005,5148.769937914996,0.879,3579.25,2861.52,717.74,359.75,0.899,43,11404.72,2564.09,1205.13,0.406,0,12
C10006,5148.794564576229,0.856,5891.22,4940.58,950.64,149.64,0.878,47,12115.01,2684.18,1391.93,0.668,0,10
C10007,7868.819223261087,0.875,6958.68,6110.79,847.89,214.73,0.927,44,9738.46,4281.01,1092.54,0.46,1,12
C10008,6651.1520937293635,0.892,3764.59,2523.76,1240.84,529.69,0.941,43,14931.89,1867.4,465.46,0.553,0,12
C10009,4795.788421097572,0.877,3665.4,2638.33,1027.06,322.65,0.801,38,13663.54,5012.64,1026.89,0.381,1,11
C10010,6313.840065378947,0.863,5944.06,3838.23,2105.83,12.34,0.833,69,16853.04,3841.85,1517.53,0.78,0,12
C10011,4804.873460781307,0.868,6095.49,5472.19,623.29,483.85,0.943,34,9804.19,7243.09,1081.05,0.726,0,12
C10012,4801.405369644614,0.919,3572.57,3137.07,435.49,166.37,0.933,56,11054.98,6307.92,1101.45,0.732,1,10
C10013,5862.943407349051,0.881,3695.78,2816.13,879.64,674.66,0.993,40,12578.61,3818.55,1594.55,0.503,0,10
C10014,2630.079633013303,0.905,3861.86,3292.66,569.2,516.01,0.952,50,13616.22,3893.66,915.21,0.681,0,12
C10015,2912.623251230451,0.926,2586.66,1956.26,630.4,210.54,0.99,47,11460.83,4995.58,582.88,0.372,0,12
C10016,4656.568706138541,0.954,3097.62,2438.06,659.56,556.2,0.941,48,9817.6,5703.17,1135.75,0.304,0,12
C10017,3980.753319498365,0.856,2995.03,1877.1,1117.93,313.57,0.86,49,14203.52,2361.97,1006.33,0.31,1,12
C10018,5971.37099889291,0.97,3278.64,2710.06,568.58,470.55,0.821,50,13802.84,2213.62,813.5,0.593,1,11
C10019,4137.963886718183,0.944,4158.38,2654.35,1504.03,396.95,0.956,40,9709.31,3377.97,1129.85,0.528,0,11
C10020,3381.5444479970624,0.862,4481.06,3799.13,681.93,130.73,0.929,40,15388.61,4582.74,1396.6,0.559,1,11
C10021,7698.4731533823315,0.981,6060.6,5058.23,1002.37,171.29,0.81,32,14925.5,4496.87,1196.28,0.304,1,11
C10022,5161.335549270197,0.988,3001.98,2439.48,562.5,505.99,0.872,50,12335.74,5069.77,1322.79,0.511,0,11
C10023,5601.292307031886,0.859,5381.19,3287.09,2094.1,233.04,0.991,48,12198.99,2800.3,1925.36,0.659,0,12
C10024,3362.877720679815,0.892,3943.21,2724.52,1218.7,219.27,0.9,58,13385.14,1683.86,1062.85,0.521,2,12
C10025,4683.425913212226,0.971,4140.64,2811.22,1329.42,108.98,0.887,38,9845.74,4858.01,1311.34,0.666,1,12
C10026,5666.383884564799,0.962,5009.78,3547.13,1462.65,384.72,0.892,50,12075.08,3171.8,996.31,0.417,1,11
C10027,3773.5096338665458,0.878,2852.73,1786.65,1066.09,712.5,0.842,45,6619.04,1981.51,861.46,0.707,1,12
C10028,6063.547027518508,0.881,4658.89,4104.89,554.0,86.49,0.874,42,14191.14,4145.06,966.04,0.594,0,12
C10029,4599.041965121793,0.906,4399.74,3370.82,1028.92,304.84,0.874,47,8096.27,4793.18,1008.5,0.405,1,11
C10030,5062.459375310084,0.923,4790.94,3313.69,1477.25,582.44,0.81,40,15758.55,3877.94,1343.79,0.418,1,12
C10031,4597.440081655905,0.943,4547.0,3269.72,1277.28,284.07,0.954,55,11174.7,3542.15,2139.63,0.614,1,12
C10032,2361.406262279878,0.905,7146.36,5246.58,1899.78,390.47,0.883,51,11470.83,3840.64,913.58,0.715,0,11
C10033,5479.754162893099,0.919,3434.71,2679.69,755.02,87.52,0.964,48,10430.67,3629.42,1033.35,0.508,0,12
C10034,2361.406262279878,0.962,3562.8,2688.86,873.94,385.66,0.97,49,11279.9,2651.95,1174.75,0.429,0,11
C10035,6733.817368154783,0.856,3452.23,3023.52,428.71,262.57,0.842,44,15546.33,3285.32,1358.32,0.734,2,12
C10036,3668.7345250434664,0.888,3533.43,2646.85,886.58,497.15,0.931,58,5780.48,4521.28,1305.42,0.635,0,12
C10037,5813.295392507133,0.957,3435.14,3083.54,351.6,537.48,0.894,52,15192.41,4321.68,1713.64,0.524,0,12
C10038,2560.494814180337,0.984,5626.82,4813.34,813.48,817.91,0.976,44,12845.06,4168.06,229.44,0.544,0,10
C10039,3507.720926652354,0.927,5904.61,3912.11,1992.49,415.93,0.843,41,8982.45,3004.85,245.23,0.402,0,12
C10040,5795.291853803686,0.93,3515.1,3090.4,424.7,365.16,0.936,31,9311.72,3818.5,1001.65,0.613,1,12
C10041,6607.6998699931155,0.866,3201.17,2032.46,1168.72,338.88,0.922,57,16190.98,1822.93,1638.92,0.479,1,12
C10042,5757.052421784956,0.917,4765.7,4028.13,737.56,229.37,0.859,51,9636.23,4178.48,573.74,0.798,1,12
C10043,5326.5275764176395,0.93,3537.33,2526.32,1011.02,367.7,0.827,48,9116.62,5428.86,0.0,0.54,0,12
C10044,5048.344456616067,0.886,4959.52,4282.01,677.51,240.92,0.93,37,14843.29,2525.87,1428.47,0.543,1,12
C10045,3282.217014448859,0.89,4443.51,3823.27,620.24,333.69,0.948,33,12846.38,3414.07,1297.46,0.583,0,12
C10046,4420.233687407937,0.907,2381.11,2004.36,376.74,563.52,0.863,48,9655.19,4329.11,763.92,0.758,0,12
C10047,4809.041843560319,0.853,6057.01,5069.77,987.24,98.69,0.929,52,12541.56,5252.84,805.78,0.7,0,12
C10048,7085.683339328373,0.898,6355.05,4393.91,1961.15,527.98,0.879,35,9435.62,3551.78,812.1,0.526,0,12
C10049,6015.427434352692,0.882,3464.65,2162.9,1301.75,563.42,0.943,41,14752.05,3307.75,1244.21,0.659,0,12
C10050,2855.439766955899,0.899,3734.76,2692.36,1042.39,276.39,0.84,45,14653.43,2031.08,949.47,0.593,1,12
C10051,5986.125954092193,0.868,4543.04,2962.32,1580.72,0.0,0.978,42,13330.02,4103.44,1397.63,0.546,1,12
C10052,4922.376579375526,0.984,4601.35,3720.12,881.23,178.44,0.857,52,12904.15,6042.08,58.15,0.396,1,12
C10053,4484.616999541062,0.939,4990.25,3512.29,1477.96,559.4,0.874,41,16402.97,4277.36,656.875,0.532,0,12
C10054,6417.514433261302,0.952,6612.25,5902.64,709.61,295.43,0.812,60,11999.22,3977.72,749.58,0.423,0,11
C10055,7046.499283743927,0.968,3987.66,3159.39,828.27,100.14,0.822,42,9045.31,4322.08,1097.46,0.757,0,12
C10056,6896.920178674298,0.925,3242.04,2745.18,496.86,199.05,0.903,35,13123.68,3988.91,984.78,0.468,2,12
C10057,4241.173715166042,0.863,2544.82,1628.07,916.75,468.12,0.854,46,17215.12,3186.99,1519.14,0.776,1,10
C10058,5036.181436223178,0.931,3322.88,2853.04,469.84,409.35,0.967,49,9463.1,4823.28,456.27,0.567,1,12
C10059,5996.895147105346,0.938,4160.25,3647.82,512.43,252.21,0.803,53,11096.34,4225.76,1218.2,0.616,0,10
C10060,6963.317690683539,0.962,6353.47,4740.44,1613.03,226.64,0.876,44,13041.12,4017.61,1423.33,0.571,1,11
C10061,4781.238643232065,0.915,3578.87,2798.23,780.64,221.65,0.867,37,11865.24,3024.63,1942.66,0.365,0,11
C10062,2361.406262279878,0.869,4468.55,3706.4,762.14,115.52,0.804,38,9544.24,5303.51,1007.29,0.488,1,12
C10063,3840.4975389909578,0.893,4180.29,2727.44,1452.85,623.08,0.825,39,14804.64,4664.7,1329.78,0.35,2,12
C10064,3705.690063878994,0.904,5626.07,4223.89,1402.19,235.54,0.883,37,17800.1,3447.08,478.45,0.611,2,12
C10065,6718.788733591297,0.947,7232.32,5204.37,2027.95,543.43,0.899,49,12490.33,5001.82,243.22,0.523,1,12
C10066,7534.360042856234,0.936,3562.96,2294.23,1268.73,604.26,0.881,45,9739.83,3502.43,1537.91,0.689,0,12
C10067,5391.984817629499,0.903,3612.67,2565.94,1046.73,499.66,0.906,34,8127.6,3218.0,1197.78,0.41,2,12
C10068,7005.299346838036,0.998,5452.99,3383.32,2069.67,213.68,0.919,39,12644.94,3240.3,1671.41,0.382,1,12
C10069,6042.454037571451,0.941,5018.27,3049.82,1968.45,380.75,0.802,35,14759.69,2228.93,650.64,0.503,0,12
C10070,4532.320368092313,0.886,6416.05,4109.8,2306.25,295.16,0.893,45,13187.92,4471.54,1407.96,0.763,0,10
C10071,6042.093408262621,0.865,4900.71,4356.41,544.3,119.26,0.993,40,11993.99,2168.86,1947.53,0.655,0,10
C10072,7807.054849698954,0.873,3768.85,2882.64,886.21,364.87,0.904,43,10526.82,2771.56,1367.88,0.509,0,12
C10073,5446.260941335073,0.887,4908.79,4367.58,541.21,64.19,0.936,47,9269.59,1924.41,1310.63,0.559,0,12
C10074,7846.965483721009,0.874,5530.44,4035.84,1494.61,537.54,0.862,43,14086.88,3913.93,1203.42,0.342,1,11
C10075,1570.3823438653835,0.878,5184.58,3595.74,1588.84,207.08,0.955,46,14284.43,3849.68,571.65,0.792,0,11
C10076,6732.853756562836,0.893,4808.73,3615.41,1193.32,340.23,0.955,49,8135.68,3673.3,656.875,0.633,0,12
C10077,5630.570602357257,0.876,5480.01,4010.56,1469.45,356.66,0.904,45,15974.6,2957.42,955.66,0.443,1,12
C10078,5051.488974301198,0.985,5603.15,3539.51,2063.65,248.22,0.995,54,13435.18,2827.77,1401.79,0.593,1,12
C10079,5637.641164803254,0.862,5858.59,4641.46,1217.13,417.34,0.825,46,15498.99,4464.37,574.79,0.355,1,12
C10080,2518.6466280986606,0.929,4978.45,3309.73,1668.72,205.02,0.803,47,8644.68,3449.45,728.22,0.783,0,12
C10081,5170.4921682437325,0.912,3999.46,3143.08,856.38,474.26,0.954,42,8585.44,4316.36,1774.03,0.387,2,12
C10082,6035.668857267619,0.997,4376.06,3479.23,896.83,30.8,0.961,49,11627.58,3114.75,1061.08,0.624,2,12
C10083,7716.841067112274,0.867,5647.81,3646.27,2001.54,325.28,0.824,43,13256.96,4181.06,656.875,0.423,0,11
C10084,4722.594672589529,0.91,3219.68,1991.06,1228.61,687.79,0.853,39,16490.9,5303.28,1168.71,0.659,0,12
C10085,4287.259595660219,0.995,4642.41,3872.83,769.58,99.93,0.804,43,13765.2,4586.17,463.24,0.688,1,11
C10086,4747.364434623195,0.98,3727.99,2751.04,976.96,164.45,0.859,51,11393.3,3587.59,1556.83,0.637,1,11
C10087,6873.103176553112,0.973,4234.49,2614.58,1619.91,402.78,0.955,44,9434.08,4257.2,964.04,0.607,2,12
C10088,5993.126664489527,0.889,5734.14,5151.9,582.25,335.92,0.904,47,15075.0,3759.33,1479.48,0.746,2,12
C10089,4705.359694349442,0.876,4429.32,2734.37,1694.95,370.13,0.87,40,9588.24,4007.88,1210.08,0.339,1,12
C10090,6269.901149670034,0.95,4255.72,3440.8,814.93,397.84,0.874,50,16071.17,3674.39,582.75,0.465,1,10
C10091,5645.61632402206,0.989,2568.17,2298.78,269.39,426.94,0.8,53,11289.04,3835.66,1265.72,0.424,0,12
C10092,6952.967485799334,0.934,5095.5,3422.93,1672.58,521.94,0.86,42,15976.46,4212.09,2078.49,0.794,0,12
C10093,4446.920359183971,0.936,4974.58,3197.04,1777.54,381.96,0.929,44,13697.33,3006.64,1397.19,0.495,0,12
C10094,5008.506780103347,0.892,6795.91,4325.02,2470.89,251.75,0.995,44,11657.51,2984.12,1176.99,0.666,1,11
C10095,4911.837770301763,0.965,3830.67,2646.92,1183.74,434.51,0.969,43,10701.51,2611.46,1630.14,0.642,1,12
C10096,3304.727577801822,0.878,4462.98,2813.08,1649.9,679.98,0.805,55,11147.73,2399.73,1284.27,0.406,1,12
C10097,5944.180415596864,0.899,4499.26,3633.82,865.44,273.47,0.98,43,13070.79,2782.72,1283.81,0.419,0,11
C10098,5891.582908269834,0.914,6092.94,3769.63,2323.32,105.09,0.957,65,12192.89,4159.46,763.35,0.441,1,12
C10099,5507.670184963691,0.926,4085.65,3075.78,1009.86,521.42,0.956,48,10515.47,3107.21,1293.54,0.506,0,12
C10100,5148.119299937279,0.886,4534.83,4076.85,457.98,275.92,0.892,42,11585.92,4513.61,1614.18,0.417,0,11
C10101,3376.9438869243786,0.867,4929.48,4161.42,768.06,0.0,0.88,46,12196.44,4034.71,865.58,0.31,1,11
C10102,4869.032015851962,0.942,4423.93,3470.87,953.07,469.48,0.861,39,6678.16,2031.5,1769.8,0.74,1,10
C10103,4985.928225209846,0.893,3664.28,2535.23,1129.05,192.93,0.813,42,13145.42,4654.98,1163.32,0.783,2,12
C10104,4296.584096167571,0.937,4432.91,3489.45,943.46,281.89,0.846,42,9550.7,4810.8,844.89,0.471,0,11
C10105,5258.071432500987,0.873,5488.36,4160.79,1327.57,366.4,0.849,50,9116.67,3006.14,1599.05,0.469,0,12
C10106,6106.076285221808,0.922,2968.18,2160.32,807.86,338.1,0.897,49,7781.64,4420.19,1085.28,0.304,0,12
C10107,8329.278851815796,0.93,4359.56,2786.69,1572.87,441.89,0.949,39,7515.27,3143.5,1503.81,0.64,0,12
C10108,5761.866719247759,0.858,3359.86,2909.57,450.28,212.9,0.895,45,8611.38,4097.67,1083.3,0.713,2,10
C10109,5886.325586084146,0.9,5634.06,4140.67,1493.39,402.62,0.812,46,10227.45,2735.5,1176.07,0.373,1,11
C10110,5388.331126350749,0.87,2372.18,1561.81,810.37,248.09,0.992,51,16883.15,2206.89,1397.42,0.38,2,12
C10111,2621.8431770514376,0.86,3529.29,2506.96,1022.34,447.76,0.989,51,10685.3,3617.18,1316.36,0.695,0,12
C10112,5460.229186826175,0.998,4652.65,3369.63,1283.02,423.07,0.957,52,12444.38,3876.27,401.79,0.608,2,12
C10113,5590.345314911539,0.898,6078.63,5156.27,922.36,112.91,0.998,37,13001.2,3602.32,751.5,0.322,0,10
C10114,9194.863168727928,0.971,4121.1,3379.65,741.45,517.2,0.909,47,12327.66,2815.97,1571.76,0.611,2,12
C10115,5211.458552828316,0.888,3533.76,2935.82,597.94,192.81,0.993,38,11806.39,3600.1,1147.15,0.454,0,12
C10116,5952.321013500418,0.952,6457.39,3895.8,2561.59,461.61,0.815,55,9011.77,4269.29,990.51,0.484,0,11
C10117,5447.932345442135,0.964,2462.38,1784.85,677.53,373.46,0.873,56,15627.32,3955.11,656.57,0.685,1,12
C10118,3746.982943570702,0.939,1561.43,1162.34,399.1,667.64,0.845,47,16517.99,4182.5,768.11,0.705,2,12
C10119,7214.234221772531,0.921,4728.02,2864.03,1863.98,255.31,0.839,55,7793.35,3329.88,391.28,0.5,0,10
C10120,6627.899549030161,0.912,3597.53,2438.93,1158.61,230.14,0.828,48,9439.93,5171.72,656.875,0.774,0,12
C10121,6686.547920564571,0.902,2974.52,2463.16,511.36,296.12,0.924,44,11300.47,2823.83,960.62,0.503,2,12
C10122,4135.918817807891,0.989,5050.03,3237.74,1812.29,239.36,0.956,40,9588.66,4487.56,813.36,0.686,0,10
C10123,7604.191466404149,0.975,4492.56,3417.01,1075.55,459.99,0.916,41,13264.91,5181.89,1172.75,0.542,0,12
C10124,3397.2234058115787,0.995,3523.11,2341.32,1181.79,0.0,0.829,39,10179.32,4480.91,1345.59,0.749,0,12
C10125,6380.285640700406,0.869,2663.63,1607.87,1055.77,89.26,0.962,56,17412.64,3797.48,2037.28,0.754,0,12
C10126,8785.683438714968,0.96,5246.95,3527.84,1719.11,86.44,0.927,38,14976.37,3471.7,595.25,0.344,2,11
C10127,4014.195512303967,0.991,4980.24,4446.17,534.07,490.06,0.878,49,12531.44,5036.09,1663.75,0.768,1,12
C10128,4650.553405595842,0.877,4080.99,3429.91,651.08,642.12,0.935,52,14567.47,2577.03,1589.24,0.713,1,12
C10129,5649.477047631462,0.86,6415.96,5696.56,719.4,279.11,0.852,51,14764.75,3029.88,888.36,0.696,2,12
C10130,4744.786518825701,0.961,2915.9,2176.3,739.6,266.24,0.869,49,10590.13,3602.44,1281.29,0.4,0,10
C10131,3174.004853400801,0.936,2369.37,1499.62,869.75,314.01,0.983,58,9959.46,5237.65,1016.95,0.703,0,12
C10132,5602.844462209041,0.976,3369.71,2575.77,793.94,532.38,0.858,41,12195.36,4379.77,1274.28,0.725,0,12
C10133,3906.544429410843,0.871,4145.3,3052.24,1093.06,114.53,0.894,38,14154.09,3031.95,1803.65,0.445,0,12
C10134,6210.388645952772,0.969,4492.01,3833.06,658.95,347.67,0.978,39,12347.65,3689.69,1442.24,0.776,0,12
C10135,4120.863648649295,0.88,3910.52,2461.38,1449.14,495.04,0.942,40,8057.51,3385.68,1403.44,0.325,2,11
C10136,7824.90160752631,0.875,4622.47,3450.54,1171.92,400.22,0.812,52,9992.94,3290.21,1027.88,0.375,1,11
C10137,4325.120061495644,0.875,2698.15,1740.35,957.8,337.92,0.829,50,11815.07,4978.89,606.38,0.569,0,12
C10138,5016.907725691487,0.972,5932.52,4137.35,1795.16,500.21,0.802,34,11810.84,2628.26,1116.61,0.588,1,11
C10139,6720.275826054504,0.95,4101.42,3368.11,733.3,0.0,0.926,42,16931.36,5608.78,1682.64,0.623,1,12
C10140,3653.703525349067,0.928,5540.75,4115.7,1425.05,435.58,0.89,40,8535.03,4828.23,589.13,0.308,2,11
C10141,5841.189901906194,0.904,4611.27,3286.76,1324.51,169.18,0.827,41,13263.97,5090.86,777.96,0.78,2,12
C10142,7460.714131423642,0.982,4748.1,3410.77,1337.34,0.0,0.992,55,15722.78,3537.06,1250.51,0.322,1,12
C10143,3088.7751481581586,0.909,4883.72,3603.38,1280.35,402.24,0.906,40,17678.62,3850.06,806.14,0.372,1,12
C10144,5776.950787798456,0.972,4737.25,3958.0,779.25,574.73,0.848,32,10989.01,2566.85,882.99,0.307,1,12
C10145,5889.824191372635,0.916,4971.27,4313.2,658.07,272.51,0.9,50,13228.57,3475.34,1030.56,0.583,1,11
C10146,6672.734307665965,0.907,5794.98,5137.83,657.15,490.57,0.936,39,13424.4,4493.65,653.75,0.766,0,12
C10147,3644.573933682877,0.919,4435.83,3708.67,727.16,622.46,0.815,43,12488.7,5296.06,810.35,0.633,0,11
C10148,3519.3150803735857,0.895,5050.8,3508.4,1542.4,562.98,0.855,51,11752.89,2892.84,1481.37,0.711,1,12
C10149,6282.912348425347,0.962,4092.32,3300.21,792.11,627.99,0.961,41,13089.94,3634.49,677.05,0.307,0,12
C10150,5945.477009849779,0.925,5928.14,4335.14,1593.0,448.43,0.892,39,5669.38,3848.7,560.85,0.571,0,12
C10151,5875.739275518815,0.885,3388.33,2291.87,1096.46,315.09,0.909,51,13705.17,2604.21,947.99,0.53,1,12
C10152,6019.672314245464,0.985,6361.13,5421.34,939.78,0.0,0.887,50,12315.44,4591.35,1492.78,0.549,0,12
C10153,4479.962917632264,0.908,4151.81,2538.95,1612.86,250.79,0.809,53,11443.81,3276.01,1121.23,0.336,1,12
C10154,5848.380545741506,0.932,2483.07,2161.58,321.49,131.35,0.833,46,17117.16,3804.61,1014.17,0.642,1,12
C10155,5939.608709948022,0.986,4353.73,3214.98,1138.75,734.19,0.889,54,10312.66,3548.05,1217.74,0.552,2,12
C10156,4428.4728729604485,0.944,3382.74,2676.29,706.45,264.82,0.842,50,10992.31,3210.66,501.72,0.683,0,10
C10157,8298.661766717134,0.868,5208.77,4155.59,1053.18,324.64,0.81,49,16978.88,3992.96,1397.88,0.543,0,12
C10158,6210.749381367681,0.991,3416.85,2967.66,449.2,410.3,0.969,39,9919.85,3784.39,1353.37,0.375,1,12
C10159,3713.044754196027,0.944,3664.58,2898.69,765.89,308.72,0.996,57,10624.71,3628.14,1036.28,0.624,1,11
C10160,6484.830412950744,0.9,1932.55,1515.47,417.08,639.01,0.959,42,6162.245000000001,3271.54,1602.37,0.386,2,11
C10161,4037.977494659018,0.871,3657.23,2267.47,1389.76,175.47,0.971,52,14101.84,4319.52,749.0,0.736,0,10
C10162,6680.626905613678,0.969,1291.34,975.64,315.7,338.92,0.848,47,12519.51,5653.62,1651.16,0.607,0,12
C10163,7237.893368511106,0.943,2299.32,1483.18,816.14,151.51,0.992,44,8768.44,4139.89,1261.8,0.379,2,11
C10164,4268.976522472434,0.93,5112.5,4198.54,913.96,36.0,0.839,49,10669.58,4996.12,1065.38,0.781,0,10
C10165,6945.064193866483,0.984,5142.96,3876.08,1266.88,177.65,0.99,59,10481.61,2609.78,1192.05,0.559,1,11
C10166,6119.171390404747,0.968,4710.55,3787.6,922.95,292.59,0.999,45,11806.95,4157.76,1157.09,0.336,0,12
C10167,6733.090239991735,0.873,3039.63,1861.78,1177.85,214.14,0.942,49,13064.61,2902.63,1688.11,0.613,0,12
C10168,8345.189473980921,0.897,4142.75,2591.03,1551.72,161.52,0.996,40,13045.51,2523.08,769.33,0.427,0,12
C10169,5131.917825995694,0.887,4195.68,3419.04,776.63,18.74,0.914,48,6162.245000000001,3260.63,894.99,0.702,0,12
C10170,4369.395753463766,0.962,2809.96,1746.74,1063.22,283.38,0.852,38,14659.85,5191.9,1614.52,0.709,1,12
C10171,4165.728355561715,0.855,6004.08,3730.8,2273.28,0.0,0.887,44,12631.42,4950.02,961.79,0.789,2,11
C10172,4276.284572551843,0.935,5252.83,3170.78,2082.05,452.01,0.919,53,15461.33,4243.0,1560.21,0.551,0,11
C10173,5384.3474358788435,0.964,3934.84,3490.01,444.83,316.49,0.815,47,13110.5,2467.3,1879.77,0.527,1,11
C10174,6011.727962224965,0.982,4232.26,3475.76,756.51,8.49,0.924,62,14753.31,3803.72,1039.28,0.677,0,11
C10175,5915.036198995029,0.901,4450.06,3141.63,1308.43,238.16,0.996,45,13166.36,4301.7,1472.54,0.366,1,12
C10176,6740.774873554035,0.973,1749.92,1205.62,544.29,149.57,0.838,37,15365.56,4175.54,738.52,0.573,0,12
C10177,5519.502837816861,0.867,3903.39,2751.54,1151.85,363.83,0.959,47,13305.63,2156.21,1501.89,0.573,2,12
C10178,7680.301115735975,0.977,3381.62,2814.85,566.77,568.09,0.982,42,11755.21,3109.68,1279.77,0.345,1,12
C10179,5103.014750143066,0.869,2998.06,2393.68,604.37,0.0,0.989,34,17681.09,3935.92,1389.22,0.509,1,12
C10180,9580.253749884429,0.91,3862.68,2532.21,1330.47,323.01,0.992,48,14222.59,4536.29,941.77,0.727,1,10
C10181,6438.501021647509,0.97,6357.22,4146.39,2210.83,267.97,0.904,53,13434.36,1803.87,535.57,0.728,1,11
C10182,4214.263665375576,0.872,4969.01,3128.09,1840.93,434.27,0.995,38,8809.24,3837.88,1401.3,0.35,2,12
C10183,3893.6612529083313,0.884,3514.59,2804.96,709.63,342.64,0.951,41,8779.23,4143.05,374.64,0.345,1,12
C10184,6223.708622864778,0.958,4887.1,4052.93,834.17,149.61,0.832,55,12731.79,4849.61,1073.06,0.431,2,10
C10185,5164.805822011223,0.958,5879.23,3995.02,1884.21,236.19,0.895,53,12363.8,4692.86,1576.47,0.737,1,12
C10186,6571.0007411381375,0.946,5309.56,3219.1,2090.46,140.79,0.944,42,10464.69,4582.57,1276.76,0.364,0,12
C10187,2361.406262279878,0.954,4271.56,2668.23,1603.32,515.2,0.849,34,12352.46,3200.06,1979.34,0.66,1,12
C10188,5390.756631014691,0.931,3423.68,3048.3,375.38,304.26,0.928,33,15971.57,2092.0,1610.04,0.351,0,12
C10189,4229.809422897392,0.888,5037.87,3469.24,1568.62,680.24,0.933,39,13738.51,3606.95,938.44,0.612,1,12
C10190,3227.729162971203,0.902,4672.18,3881.49,790.69,287.87,0.833,40,9147.48,5001.63,1210.93,0.478,0,10
C10191,4830.227571899469,0.877,5274.23,4152.93,1121.31,158.32,0.913,37,11721.23,5393.45,1181.05,0.694,1,12
C10192,6784.598191485208,0.986,4962.21,3545.9,1416.3,0.0,0.954,64,9987.58,4710.55,567.13,0.417,0,11
C10193,5821.140616195306,0.938,5459.46,3612.56,1846.9,0.0,0.9,40,11030.75,4429.34,823.84,0.62,0,12
C10194,3631.391831932018,0.91,3557.72,2264.19,1293.53,0.0,0.802,41,10965.96,4379.64,975.7,0.418,0,12
C10195,5759.771388776773,0.919,5780.87,4535.12,1245.76,353.43,0.802,39,10805.89,3443.88,385.51,0.657,2,12
C10196,6077.9760695932555,0.992,4437.12,3693.41,743.71,401.75,0.871,40,8862.16,3869.94,1219.0,0.737,0,12
C10197,4174.2138456983,0.873,6690.31,5306.56,1383.75,0.0,0.985,48,11680.86,5669.07,1100.37,0.363,0,12
C10198,5730.587658918292,0.938,3372.97,2560.39,812.58,479.01,0.846,39,10598.48,3057.44,530.84,0.733,1,12
C10199,2361.406262279878,0.926,6283.16,3848.97,2434.19,203.39,0.927,37,4676.38,5614.78,1361.69,0.597,1,12
C10200,2361.406262279878,0.942,4437.49,3951.79,485.7,329.36,0.844,54,17132.43,3677.97,1486.35,0.364,0,12
C10201,6036.681040522425,0.853,3418.3,2870.05,548.25,622.44,0.864,34,14721.92,5325.43,1290.81,0.514,0,12
C10202,6341.176789552352,0.981,3619.34,2489.55,1129.79,479.37,0.97,41,11059.25,2593.18,1070.37,0.38,0,10
C10203,7124.576864762916,0.99,3815.58,3411.1,404.49,246.29,0.946,52,12047.05,4585.9,1436.58,0.65,2,12
C10204,7080.703078052355,0.935,4709.0,3675.68,1033.32,121.76,0.819,47,9070.86,3263.23,1472.09,0.679,0,12
C10205,3433.4959480643633,0.954,4827.4,3739.92,1087.48,0.0,0.886,37,16239.31,2584.73,1322.96,0.353,0,11
C10206,4093.262440127316,0.988,3511.56,2895.01,616.55,156.17,0.806,40,16743.22,4218.53,870.16,0.553,0,11
C10207,6272.55290081299,0.956,4170.77,3518.18,652.6,257.77,0.896,34,12391.73,5009.47,1310.64,0.707,0,12
C10208,6270.678926368313,0.873,6770.72,5395.89,1374.84,102.56,0.932,41,14558.83,3155.06,1678.19,0.768,1,10
C10209,6272.571529459072,0.936,6273.05,4004.9,2268.16,273.75,0.824,31,12438.22,2500.98,961.35,0.557,0,12
C10210,11279.09723598208,0.941,4723.59,3313.5,1410.08,315.37,0.858,44,8658.19,3908.16,2039.18,0.775,0,12
C10211,6356.3357660397505,0.914,4245.6,3729.45,516.16,255.03,0.88,46,10970.44,3912.56,989.75,0.568,0,12
C10212,7203.348460270899,0.96,4344.04,2899.14,1444.89,170.0,0.984,41,12329.82,4548.32,1212.96,0.497,0,10
C10213,6931.002645239803,0.99,4936.22,3512.86,1423.36,333.73,0.999,55,10863.63,4949.59,931.01,0.724,0,12
C10214,6477.086876958697,0.989,2972.65,2168.91,803.74,388.39,0.809,38,11453.37,3940.58,1289.31,0.546,1,12
C10215,5027.096133039482,0.918,3891.15,2847.63,1043.52,81.92,0.952,50,11771.5,5855.5,503.11,0.536,1,12
C10216,6638.453830739901,0.867,2197.7,1722.74,474.96,582.19,0.874,45,11797.8,4224.23,981.58,0.545,2,12
C10217,4340.762178193642,0.998,4679.07,4131.26,547.81,280.28,0.878,42,12130.65,3653.57,763.15,0.723,2,12
C10218,5144.772089889987,0.976,4976.64,3345.33,1631.3,303.77,0.951,43,9348.49,2388.43,1254.14,0.716,1,12
C10219,4771.954678256345,0.869,3620.18,2304.06,1316.11,441.64,0.984,44,10207.46,3737.34,1597.78,0.502,0,12
C10220,5622.811209079484,0.988,6088.78,4013.98,2074.81,346.64,0.99,36,8788.54,3663.61,1458.4,0.467,1,12
C10221,8971.987850010262,0.98,2729.08,2363.6,365.49,490.63,0.915,60,14444.54,4960.3,251.34,0.546,1,12
C10222,2699.1022111123775,0.928,2442.75,1938.92,503.83,357.42,0.871,46,6735.88,4462.48,2016.83,0.586,1,12
C10223,6529.390285561771,0.939,4469.34,3064.95,1404.39,177.51,0.958,45,14883.98,2820.63,1318.11,0.419,1,11
C10224,3080.9261932155223,0.91,5456.52,4609.58,846.94,372.3,0.85,39,15465.87,4172.25,889.4,0.697,0,11
C10225,4792.10220131585,0.858,6220.71,5339.93,880.78,71.25,0.913,42,11244.55,4671.53,1262.85,0.543,1,12
C10226,7133.42589545105,0.9,3649.34,3116.37,532.97,321.71,0.872,37,5492.16,5528.03,1270.48,0.467,1,12
C10227,5596.420028643194,0.97,5494.42,4811.34,683.08,293.35,0.931,38,11096.72,4887.5,933.26,0.353,2,12
C10228,3883.382833106041,0.851,4153.79,2806.6,1347.19,258.38,0.848,39,11839.54,4760.85,1279.17,0.419,0,12
C10229,4427.044436110048,0.9,3992.85,3300.14,692.71,274.29,0.838,52,9473.5,4060.09,957.01,0.775,0,11
C10230,6519.396623402014,0.91,5260.39,3883.02,1377.37,0.0,0.984,46,10711.95,4388.31,1038.26,0.453,0,12
C10231,4404.450052424295,0.931,4982.79,4248.32,734.47,190.26,0.82,42,15825.49,5249.5,925.49,0.384,1,10
C10232,5824.687884372962,0.988,2308.33,1889.48,418.85,318.57,0.901,42,13662.32,2667.22,626.93,0.53,0,12
C10233,5568.35775985572,0.902,5971.85,4974.16,997.69,331.97,0.844,46,6162.245000000001,3650.56,1258.33,0.454,0,12
C10234,4522.599478591274,0.902,5856.11,4666.43,1189.68,94.46,0.808,51,8006.0,3227.43,1434.12,0.318,2,12
C10235,8715.916133987988,0.961,3449.32,2253.2,1196.13,553.14,0.807,48,11182.46,4379.15,1405.95,0.462,0,12
C10236,6450.878533477016,0.918,4674.96,3569.37,1105.59,126.77,0.835,39,11466.36,5230.22,1527.97,0.572,1,12
C10237,2462.2861200135894,0.884,4792.84,4291.51,501.33,493.89,0.973,40,13240.5,3403.03,656.875,0.576,0,12
C10238,5779.681472154141,0.918,4512.81,3976.76,536.05,385.44,0.856,51,10661.71,1609.7,986.91,0.478,1,10
C10239,4507.320302847418,0.871,3539.63,2169.63,1370.01,170.75,0.99,50,13278.75,3587.78,656.875,0.524,1,11
C10240,6778.650002194336,0.876,3394.05,2204.25,1189.8,655.06,0.916,44,16837.89,4913.47,656.99,0.783,2,12
C10241,4311.218892350949,0.925,4169.34,2666.37,1502.97,61.27,0.887,34,14038.75,4537.63,839.73,0.489,2,12
C10242,2361.406262279878,0.913,5607.27,4585.6,1021.68,483.83,0.916,57,11879.78,4428.19,814.32,0.429,0,12
C10243,6257.4809184706855,0.987,4852.32,4101.84,750.48,500.12,0.903,41,11542.12,3720.01,1632.02,0.422,0,12
C10244,6798.632791255182,0.904,3755.26,2493.7,1261.57,165.88,0.952,44,11108.32,2720.97,656.875,0.529,0,12
C10245,3699.555389416336,0.937,5126.04,3853.53,1272.51,578.49,0.856,50,14951.6,4515.29,1394.92,0.68,1,12
C10246,4998.248146238578,0.945,781.75,666.21,115.53,249.99,0.871,45,10431.72,3165.72,1628.77,0.403,2,12
C10247,4787.582033258565,0.852,5578.52,4573.5,1005.02,357.74,0.979,51,12113.06,6184.1,848.29,0.655,0,11
C10248,4520.006151139432,0.95,2112.34,1611.02,501.32,352.06,0.989,52,12127.99,4570.51,1339.44,0.311,1,10
C10249,8148.181360421645,0.877,3765.07,2925.85,839.22,273.14,0.979,42,10745.54,3419.35,1149.93,0.509,0,12
C10250,6107.472566441434,0.994,2856.4,2149.46,706.93,462.16,0.884,47,8568.84,3388.61,1538.75,0.688,1,11
C10251,2361.406262279878,0.872,2646.38,1824.06,822.32,458.7,0.956,45,12807.44,3907.06,1153.91,0.469,2,11
C10252,6876.792920582164,0.912,5592.99,4303.84,1289.15,0.0,0.895,30,11847.49,3760.5,1046.02,0.582,0,10
C10253,8683.23429551895,0.863,3638.76,2935.26,703.5,560.87,0.9,46,13250.6,5116.83,1416.36,0.402,0,12
C10254,7048.69789082672,1.0,4615.8,3978.81,637.0,0.0,0.841,53,10666.0,4186.42,1550.47,0.671,0,12
C10255,3220.94505106898,0.925,4143.7,3277.2,866.5,506.51,0.918,39,15052.05,3268.37,932.66,0.326,1,12
C10256,4773.648890700623,0.939,4772.45,3953.19,819.26,525.34,0.837,50,9808.07,5890.44,1175.57,0.726,1,12
C10257,7400.366723779935,0.86,4292.19,2781.43,1510.76,81.81,0.866,47,16280.1,4049.31,776.62,0.399,0,12
C10258,4438.495801571828,0.962,2660.41,1964.63,695.78,217.84,0.971,38,7630.91,4768.84,200.78,0.737,0,12
C10259,6165.729142219343,0.881,5395.52,3252.42,2143.1,78.86,0.841,51,13086.93,3391.77,1280.18,0.476,0,10
C10260,6661.951080144006,0.985,3607.49,2431.46,1176.03,257.02,0.814,50,13188.58,4363.12,1443.56,0.661,1,11
C10261,4109.6042926328755,0.881,2332.1,1907.52,424.59,238.39,0.814,51,10011.11,4311.11,1304.83,0.46,1,12
C10262,5410.7119659073,0.879,3686.26,3308.58,377.68,455.93,0.988,49,6162.245000000001,2110.35,420.18,0.753,0,12
C10263,638.0989898963911,0.855,6000.91,3779.09,2221.82,562.06,0.901,57,15198.8,6015.28,1059.66,0.363,1,12
C10264,3963.418537998565,0.921,5220.27,3760.93,1459.33,579.14,0.882,32,6457.95,5290.64,312.66,0.389,1,12
C10265,5121.14777291026,0.935,3781.62,3176.64,604.98,187.57,0.962,52,13256.86,3602.8,1747.88,0.547,0,12
C10266,3628.325227052726,0.86,3780.89,2499.97,1280.93,258.16,0.967,51,5766.82,2897.73,765.58,0.341,0,10
C10267,7948.6169558974525,0.966,3814.04,2923.56,890.48,0.0,0.866,42,9585.84,4347.56,1702.16,0.398,1,11
C10268,3354.787933059051,0.918,6692.1,5486.99,1205.1,138.83,0.939,58,16072.92,4086.7,1578.35,0.772,2,11
C10269,4839.933269954525,0.929,4658.32,3655.83,1002.49,492.97,0.954,47,10545.54,4355.67,839.76,0.788,0,11
C10270,5696.110865929137,0.916,4716.05,3095.65,1620.4,623.12,0.931,41,9065.3,4191.58,746.89,0.488,0,12
C10271,7661.909933599173,0.91,5436.34,3841.4,1594.94,53.13,0.83,59,11505.16,4506.24,1340.15,0.762,0,11
C10272,3346.206773230841,0.934,4486.55,3746.88,739.66,181.51,0.975,50,17169.77,5447.31,862.27,0.572,1,11
C10273,7244.745628232439,0.873,3889.15,2980.13,909.02,294.72,0.908,49,7420.79,4568.1,1240.99,0.435,0,12
C10274,5515.349591529381,0.877,3964.38,2384.85,1579.53,356.03,0.856,42,9371.73,2950.34,1006.87,0.651,0,12
C10275,4027.737023428074,0.979,4114.08,3407.68,706.4,138.08,0.885,44,15743.58,5362.56,487.54,0.629,1,11
C10276,6193.1552113949065,0.992,4155.33,2537.22,1618.11,384.81,0.808,42,16644.26,5640.61,307.81,0.795,1,10
C10277,5798.589543360205,0.906,5073.16,4178.86,894.3,205.23,0.826,58,11741.42,7152.06,1290.67,0.433,0,12
C10278,4599.674684261808,0.891,4262.34,2816.31,1446.02,297.11,0.953,42,8902.37,2876.51,975.38,0.636,0,12
C10279,5604.703127485028,0.947,5079.17,4507.37,571.8,409.26,0.8,32,17239.61,4242.88,978.76,0.326,1,12
C10280,4922.02960470736,0.911,4103.14,2914.8,1188.34,301.28,0.883,37,15986.11,1917.9,1478.35,0.357,0,12
C10281,5670.276017876872,0.854,4294.36,2997.81,1296.56,212.72,0.905,44,13697.37,4553.15,1669.38,0.302,0,12
C10282,6493.19601178157,0.873,1802.16,1161.79,640.37,278.08,0.811,40,9968.99,3451.8,1090.98,0.8,2,12
C10283,7879.025224218028,0.957,5299.59,3665.63,1633.96,282.33,0.995,48,11877.43,5923.45,1063.76,0.701,0,12
C10284,3643.2767517597263,0.949,4615.79,3983.4,632.38,226.0,0.845,50,11599.1,3225.39,1400.06,0.693,1,12
C10285,8699.5500619844,0.854,5397.61,4851.92,545.7,248.24,0.861,55,12827.13,2310.82,657.23,0.555,2,10
C10286,2571.868300716247,0.883,724.49,514.75,209.75,619.73,0.861,50,15627.5,3528.74,1289.26,0.45,0,12
C10287,5272.322357446626,0.885,6706.05,4926.15,1779.9,412.18,0.846,48,14198.54,2024.51,1420.75,0.376,0,12
C10288,6382.475809726864,0.951,4032.49,3293.02,739.47,240.9,0.8,43,9306.56,4751.1,1472.09,0.442,1,11
C10289,5921.487801602549,0.853,5529.82,4788.04,741.78,439.39,0.946,41,15441.24,1934.92,425.3,0.488,2,12
C10290,4565.950720269109,0.866,2952.11,2296.49,655.63,233.24,0.993,40,12782.83,4028.46,895.46,0.678,2,11
C10291,5187.816624464087,0.97,4935.33,3540.89,1394.44,534.62,0.845,38,13717.66,1922.19,848.69,0.57,1,12
C10292,4760.498598011751,0.877,2935.9,2124.97,810.94,373.93,0.933,44,15666.35,3679.7,1239.95,0.339,0,12
C10293,4615.952864583683,0.948,3451.48,2791.16,660.32,278.54,0.948,36,9221.05,5643.38,1392.3,0.309,1,12
C10294,6774.403145531537,0.886,6496.84,3904.38,2592.46,389.54,0.97,46,11910.44,4360.65,656.875,0.351,0,12
C10295,6035.523228947571,0.865,3971.18,3120.86,850.32,0.0,0.885,45,6162.245000000001,3136.51,1002.01,0.505,0,11
C10296,4460.635607109019,0.886,4460.92,3152.3,1308.62,74.65,0.861,47,8080.35,3968.8,1000.97,0.767,0,12
C10297,6849.399813149876,0.958,5244.08,4395.9,848.18,61.21,0.865,37,12866.77,4018.02,1659.87,0.619,0,12
C10298,5960.949281314914,0.978,4794.82,3010.65,1784.17,328.59,0.943,46,18278.89,4472.63,1318.63,0.701,1,12
C10299,6719.29317825844,0.975,4380.5,3401.29,979.21,646.5,0.963,42,7399.81,2633.14,1707.06,0.533,0,12
C10300,6444.443262885418,0.91,4637.95,3451.99,1185.96,746.26,0.836,52,11919.3,4592.57,1315.49,0.481,0,12
C10301,4256.5074836168915,0.95,7084.1,5615.55,1468.55,427.61,0.874,48,13601.36,1295.61,737.15,0.354,0,12
C10302,4659.728439704545,0.881,4130.86,2558.88,1571.97,400.17,0.98,43,12307.7,3370.12,666.75,0.738,2,11
C10303,6620.940407684892,0.894,4441.32,3437.56,1003.76,0.0,0.961,51,11717.18,3511.73,579.4,0.692,1,12
C10304,6415.555398150197,0.984,5460.79,4196.32,1264.47,191.47,0.997,46,8751.96,4633.33,1464.82,0.384,0,12
C10305,5468.647609053778,0.852,5526.63,4245.55,1281.08,142.44,0.951,39,12581.97,4022.63,1675.44,0.556,0,12
C10306,5675.991074963173,0.863,5624.44,4392.95,1231.49,175.83,0.879,47,10108.09,2594.44,1939.74,0.544,0,10
C10307,7416.497343682638,0.881,4966.48,3987.78,978.69,266.37,0.918,46,6525.2,3015.01,1537.24,0.613,2,11
C10308,4612.642916746255,0.854,2828.39,2380.08,448.31,205.58,0.932,38,14986.48,4198.68,1665.14,0.773,1,12
C10309,6320.646071755056,0.877,6160.12,4194.71,1965.41,0.0,0.816,41,14395.96,3920.93,967.99,0.59,1,12
C10310,5196.711021349159,0.937,2824.39,2393.71,430.68,449.58,0.909,44,12129.15,3420.88,737.43,0.57,1,12
C10311,5173.478195159169,0.913,4563.16,3419.98,1143.18,85.45,0.942,30,12572.69,3519.17,1540.03,0.325,0,12
C10312,7148.1652779807855,0.984,3294.87,2053.09,1241.78,347.85,0.833,49,14685.8,4696.17,1367.07,0.331,1,12
C10313,6738.124523482044,0.973,4123.03,2546.24,1576.79,714.82,0.956,39,12560.85,3482.31,1242.98,0.394,1,12
C10314,6720.264454000958,0.901,4594.51,3217.41,1377.11,116.12,0.917,40,14260.04,3911.91,1354.95,0.316,0,11
C10315,7458.218210731494,0.889,4585.63,3831.15,754.48,0.0,0.99,42,11256.29,6169.94,1329.27,0.672,0,12
C10316,5531.505762449138,0.907,4706.3,3822.95,883.35,242.8,0.808,52,15279.96,2576.32,1713.53,0.662,1,11
C10317,6522.9294569424455,0.939,6136.45,5133.66,1002.79,520.19,0.853,42,12801.96,2148.16,1717.99,0.368,2,12
C10318,5034.599865109816,0.89,4744.24,3582.76,1161.48,691.67,0.92,52,12485.13,4783.59,1417.69,0.718,0,12
C10319,5986.249528732663,0.944,3907.01,2860.17,1046.85,54.09,0.859,39,8824.85,3321.36,656.875,0.377,2,12
C10320,5304.785418448473,0.911,5356.9,3451.11,1905.8,399.34,0.943,44,12717.39,3681.76,1405.63,0.451,1,12
C10321,5645.493947489077,0.933,5627.36,3930.48,1696.89,206.94,0.952,53,9920.11,3218.84,1015.53,0.424,0,12
C10322,6392.735538155371,0.915,2726.87,1991.18,735.69,278.81,0.821,43,6162.245000000001,3740.2,1502.63,0.486,0,12
C10323,4272.668975149792,0.894,4916.88,3080.82,1836.06,828.87,0.903,52,9961.56,5598.54,642.2,0.427,0,11
C10324,8638.58091352819,0.992,5041.41,3358.5,1682.9,0.0,0.902,44,9334.41,4802.13,1621.56,0.544,1,12
C10325,3990.973927750447,0.965,3842.92,2995.43,847.49,350.75,0.874,58,17311.93,4862.22,722.19,0.504,0,10
C10326,3678.717080818402,0.871,5850.85,4801.78,1049.06,393.54,0.987,58,15328.35,2583.77,1314.32,0.793,0,12
C10327,7237.166310250102,0.98,4019.93,3615.95,403.99,517.16,0.966,46,16800.92,2848.85,861.94,0.328,1,11
C10328,6687.494040944403,0.923,4350.69,3828.32,522.37,319.6,0.939,44,8942.76,1160.92,1421.36,0.371,1,11
C10329,6436.179725578233,0.984,3992.31,3164.98,827.33,361.61,0.943,37,12178.13,3190.62,1186.43,0.326,0,12
C10330,6442.51826389642,0.97,4218.69,3064.35,1154.34,221.67,0.892,49,8766.23,4956.7,562.1,0.613,0,12
C10331,5481.629840729628,0.914,2884.47,2281.19,603.28,353.83,0.984,43,10260.76,4516.95,656.875,0.327,0,12
C10332,4154.118442771252,0.853,2471.94,2065.79,406.15,231.36,0.939,47,9704.68,3778.49,968.83,0.718,1,10
C10333,5613.70683729059,0.89,6113.41,3885.07,2228.33,424.31,0.946,48,15098.96,3977.7,1552.46,0.556,1,12
C10334,4484.2574327318325,0.931,3183.65,2301.69,881.96,226.08,0.972,42,11009.43,3311.11,1200.53,0.564,0,11
C10335,6962.679600126627,0.945,3010.33,2564.62,445.71,375.42,0.855,43,14670.95,4204.76,1358.17,0.581,1,12
C10336,5279.413927746792,0.889,1615.93,1155.63,460.3,294.15,0.961,52,13510.3,4765.88,816.97,0.385,1,12
C10337,4261.754204811233,0.871,3433.25,2648.96,784.28,525.21,0.839,42,17759.1,2384.11,964.27,0.399,1,12
C10338,5017.92123752051,0.975,2612.29,2028.0,584.29,289.72,0.869,35,8301.39,4299.65,1016.54,0.459,1,12
C10339,6119.397181413437,0.998,6170.42,4043.74,2126.68,0.0,0.867,43,15148.08,4932.43,1542.68,0.597,0,12
C10340,4654.413170794038,0.929,5411.78,3835.17,1576.61,552.38,0.996,48,14866.1,3584.9,1870.95,0.405,0,12
C10341,4266.669406650353,0.876,3374.22,2363.15,1011.07,118.85,0.971,43,9566.55,4700.7,877.93,0.358,1,12
C10342,5865.530817237868,0.891,6902.92,4196.0,2706.92,169.25,0.94,37,14517.83,6814.65,1630.74,0.785,1,12
C10343,5867.449856663085,0.853,5378.12,3265.9,2112.22,180.87,0.945,46,12840.36,3895.66,332.13,0.311,1,12
C10344,4739.585236943305,0.987,3810.2,3236.8,573.4,574.89,0.912,45,11431.31,4393.31,656.875,0.701,0,10
C10345,4793.442541572515,0.868,1200.71,818.79,381.92,0.0,0.989,62,9940.16,3261.94,816.49,0.694,2,12
C10346,5848.074906036454,0.936,6949.13,5249.54,1699.59,927.55,0.899,56,10202.23,4181.25,659.0,0.449,1,12
C10347,3327.8734877540137,0.891,2532.51,1746.47,786.05,511.21,0.876,48,17124.53,4460.27,566.56,0.368,0,12
C10348,3388.804338435167,0.933,2225.52,1963.36,262.16,344.65,0.833,50,12001.71,4194.84,1365.2,0.373,0,10
C10349,4422.333668121346,0.948,5427.08,3678.42,1748.67,289.02,0.957,49,13955.33,2980.3,1114.37,0.649,1,10
C10350,5179.829272432229,0.974,7127.7,5195.36,1932.34,357.11,0.947,50,10022.75,4206.36,1351.76,0.621,1,12
C10351,5966.361348397007,0.881,5861.13,5051.23,809.9,404.22,0.877,37,10050.37,5462.2,1476.19,0.691,0,12
C10352,7713.034325424328,0.852,4876.69,4157.77,718.92,429.04,0.805,46,14704.96,4448.64,1306.25,0.769,2,11
C10353,6786.489434803029,0.871,4913.71,3222.56,1691.15,411.12,0.968,44,8626.06,4961.99,1463.11,0.646,0,12
C10354,5260.09220505486,0.985,5224.1,4392.39,831.71,317.92,0.802,56,10961.97,3762.99,1172.19,0.378,0,12
C10355,2361.406262279878,0.981,5110.71,3768.93,1341.79,260.53,0.941,53,12085.07,4749.9,725.2,0.422,2,12
C10356,3996.2059530432866,0.94,4537.43,3379.89,1157.54,269.75,0.994,45,12278.43,4279.27,656.875,0.721,2,10
C10357,5472.230296011415,0.94,4325.04,2768.22,1556.82,261.02,0.888,46,11552.27,3049.09,964.36,0.405,1,11
C10358,5067.012041619793,0.95,4124.89,2574.67,1550.21,526.75,0.847,28,12989.55,4318.52,825.76,0.336,2,12
C10359,5984.077840507134,0.876,3295.24,2696.77,598.48,418.71,0.941,64,13732.14,3008.3,1128.83,0.652,0,10
C10360,4259.153584671516,0.987,3863.19,2893.29,969.9,0.0,0.963,50,13836.59,3367.12,834.88,0.501,2,11
C10361,6279.019771361758,0.913,2168.45,1585.26,583.19,431.18,0.909,48,9535.49,4189.33,1033.03,0.76,0,12
C10362,7799.108369503867,0.907,4081.99,3342.55,739.44,338.95,0.993,59,11289.61,4297.24,1337.62,0.625,0,12
C10363,5336.859777314714,0.928,3013.69,2500.32,513.37,296.26,0.81,51,14986.91,2810.77,656.875,0.345,0,11
C10364,6102.567583148412,0.857,2875.69,1862.51,1013.19,222.3,0.901,47,14236.62,5053.99,840.87,0.774,0,10
C10365,6535.215987566668,0.875,4415.87,3457.93,957.95,524.82,0.944,49,8567.85,4572.01,1004.92,0.429,0,10
C10366,4898.169292171246,0.961,5870.4,3760.62,2109.79,489.51,0.973,58,12878.7,3295.27,1629.73,0.469,0,11
C10367,5836.138722715626,0.862,5301.98,4376.32,925.66,145.42,0.836,47,7054.44,2462.42,1398.56,0.501,0,12
C10368,5518.888601172693,0.94,2315.4,1845.57,469.83,381.41,0.96,41,12117.34,3855.1,2030.03,0.326,0,12
C10369,5646.514147823247,0.887,3012.45,2671.99,340.45,105.67,0.911,43,16744.42,3554.06,1672.05,0.548,1,12
C10370,4340.4853242168,0.908,5328.93,3307.6,2021.33,24.08,0.879,38,9630.27,4113.14,1657.72,0.362,0,12
C10371,5536.765261388414,0.893,3021.02,1864.32,1156.7,174.66,0.826,34,9914.19,3636.88,644.85,0.5,0,12
C10372,6246.997436868174,0.903,3930.44,2691.0,1239.44,472.48,0.973,35,13910.07,1992.54,1505.54,0.475,1,11
C10373,7676.715411692562,0.958,4860.06,3297.61,1562.45,490.63,0.831,48,8143.0,3611.65,1178.76,0.686,2,12
C10374,6938.90623912781,0.895,3037.99,2047.89,990.1,402.62,0.862,37,10418.11,3694.38,656.875,0.702,1,12
C10375,8729.773686267334,0.935,4326.45,3772.13,554.32,445.02,0.858,68,13491.1,4633.66,1267.21,0.377,0,12
C10376,4348.9786556679255,0.921,2599.17,1754.09,845.08,403.24,0.974,39,10414.29,3301.8,1578.08,0.483,1,10
C10377,6808.480955081017,0.95,3478.36,2370.8,1107.56,171.7,0.935,57,11410.08,5678.67,1400.33,0.487,0,12
C10378,5775.013008607528,0.991,4583.74,3794.51,789.23,386.38,0.959,30,13860.46,2088.36,848.61,0.376,0,12
C10379,8784.704399826509,0.96,2288.41,1681.8,606.61,460.08,0.85,46,13053.87,5311.17,1496.98,0.699,0,12
C10380,4287.552571967272,0.882,4728.57,3938.96,789.61,450.86,0.925,41,12667.05,3775.68,944.96,0.654,1,11
C10381,4240.417236728836,0.855,4176.43,2587.76,1588.67,537.78,0.914,47,11152.19,4859.58,656.875,0.395,0,12
C10382,4600.911031833967,0.889,4862.99,3629.11,1233.88,441.66,0.967,40,12925.15,4079.8,1078.66,0.483,0,12
C10383,2314.1564135352896,0.939,4468.7,2726.28,1742.42,370.29,0.981,40,11690.67,5139.56,1112.45,0.353,0,12
C10384,4711.367467478858,0.858,5836.97,3611.89,2225.08,514.03,0.802,42,13144.51,3612.64,1506.5,0.614,2,12
C10385,4361.301007669453,0.924,4350.27,3793.14,557.13,294.7,0.935,30,10757.67,2901.38,783.92,0.361,1,10
C10386,5725.590679714312,0.94,3684.71,2364.75,1319.96,123.63,0.81,52,11543.58,5420.5,1978.08,0.793,0,11
C10387,6012.633963665739,0.9,4346.76,3302.35,1044.41,267.39,0.91,39,9525.11,3886.52,471.57,0.69,1,12
C10388,8314.256258823829,0.966,4851.96,3509.56,1342.4,151.02,0.858,34,11912.48,4221.56,960.93,0.495,1,12
C10389,6925.635757279076,0.866,4258.63,2998.94,1259.69,164.96,0.861,42,9972.5,5234.75,1348.08,0.589,1,11
C10390,4634.644516506395,0.861,4248.71,3696.17,552.54,271.1,0.871,34,9214.88,2968.04,1433.73,0.756,0,12
C10391,2361.406262279878,0.959,3357.61,2036.55,1321.06,141.52,0.924,50,12646.65,4595.49,1159.81,0.577,2,12
C10392,6237.8787572597585,0.924,3404.52,2720.68,683.84,238.41,0.867,45,12531.85,3410.11,1177.04,0.387,0,11
C10393,3519.650189469037,0.953,2516.87,2237.55,279.33,0.0,0.947,42,13957.18,3867.83,1364.22,0.489,1,12
C10394,8247.18814878153,0.915,6299.49,4838.33,1461.16,342.66,0.881,46,10922.19,4072.28,656.875,0.722,0,12
C10395,7269.16018108193,0.887,2707.36,2385.31,322.05,300.24,0.814,46,6162.245000000001,2499.78,1757.27,0.622,0,12
C10396,4796.236521842943,0.973,3368.51,2073.92,1294.6,136.58,0.957,50,13376.99,3221.16,1535.74,0.625,0,12
C10397,2930.298206363683,0.97,3337.91,2422.12,915.8,431.85,0.857,37,13111.93,5351.07,1549.13,0.733,1,12
C10398,7530.80856124812,0.954,5273.91,3575.96,1697.95,487.51,0.887,42,9935.87,4886.19,813.54,0.747,0,11
C10399,5328.190232121073,0.891,3846.06,3150.87,695.19,0.0,0.937,49,12373.41,3937.36,1168.24,0.76,1,12
C10400,7356.724467960193,0.939,5697.29,5095.59,601.7,147.46,0.866,49,12910.35,4243.12,1079.81,0.347,0,11
C10401,3108.3585118084493,0.904,3391.81,2296.12,1095.69,146.17,0.811,48,12017.95,3705.76,797.76,0.572,1,12
C10402,4600.937465569341,0.864,4534.79,3610.84,923.95,112.02,0.875,54,6783.81,5356.58,1344.07,0.67,1,11
C10403,5507.865549577275,0.988,3197.58,2108.58,1089.0,465.89,0.989,41,12401.22,3799.65,984.94,0.678,1,12
C10404,5570.470890647113,0.871,6774.18,5213.4,1560.78,261.23,0.928,43,17531.33,4231.84,1462.16,0.603,1,12
C10405,4824.901792781135,0.993,2774.88,2051.14,723.75,247.1,0.934,48,11099.9,5146.03,771.92,0.383,1,12
C10406,6434.274898521248,0.917,4571.78,4076.21,495.57,0.0,0.926,48,10179.81,3222.63,1887.62,0.699,0,11
C10407,3898.569355926109,0.878,4960.53,3881.91,1078.63,427.08,0.84,43,12933.37,5558.79,841.47,0.66,1,12
C10408,5286.430772468059,0.931,4696.56,3310.38,1386.18,52.15,0.884,50,12780.95,2469.54,1287.72,0.343,0,12
C10409,5680.443447567848,0.981,3977.65,2522.74,1454.91,311.99,0.95,48,14981.84,5629.64,1516.74,0.532,1,12
C10410,6271.6582510881235,0.96,4044.22,2610.03,1434.18,355.48,0.82,48,8855.33,3627.32,971.74,0.387,1,11
C10411,6567.422317133334,0.971,4252.57,2839.0,1413.58,572.13,0.856,54,13828.45,3757.3,1540.99,0.469,0,12
C10412,3813.036862243197,0.949,4023.6,2717.1,1306.5,38.24,0.855,44,13476.06,2109.99,708.33,0.309,0,12
C10413,3198.8287438965667,0.954,5356.65,4580.93,775.72,0.0,0.886,43,11644.63,3545.21,656.875,0.5,0,11
C10414,7416.515232847763,0.977,6852.63,5265.33,1587.3,336.77,0.996,41,12846.72,2960.19,1205.66,0.575,1,12
C10415,5998.4710179693875,0.887,3531.01,2673.04,857.97,660.1,0.814,53,14573.64,3392.35,961.44,0.61,2,12
C10416,4377.27019516517,0.923,2556.24,1621.75,934.48,547.79,0.904,58,14180.79,3862.69,1080.33,0.632,1,12
C10417,7826.727963283784,0.883,4094.06,3512.88,581.19,341.93,0.836,52,9142.45,4957.79,1523.57,0.718,1,12
C10418,5673.511951439288,0.998,7295.65,5959.41,1336.24,201.67,0.994,51,14050.4,4207.6,966.22,0.408,2,12
C10419,7268.945776095739,0.992,3235.59,2007.04,1228.55,461.42,0.823,52,11838.28,4307.68,900.26,0.36,0,12
C10420,5601.277722115164,0.856,6166.94,5009.72,1157.22,105.29,0.881,41,12182.19,2904.48,1111.39,0.726,0,12
C10421,8591.121887322981,0.956,6213.24,4741.08,1472.16,395.27,0.948,51,12182.99,3119.25,656.875,0.378,1,12
C10422,8133.011263664806,0.989,3535.69,2208.1,1327.59,401.09,0.941,54,11624.39,5798.73,1928.22,0.787,1,12
C10423,5126.55377728139,0.877,4882.78,3601.0,1281.78,512.04,0.885,48,14979.27,3264.8,973.44,0.721,2,12
C10424,6957.356426431533,0.935,6154.08,4587.3,1566.77,851.93,0.869,41,11790.71,5656.21,1532.65,0.55,0,10
C10425,6468.063924377721,0.987,3745.05,2433.28,1311.77,378.48,0.88,47,9201.13,3756.94,1283.79,0.791,0,12
C10426,7552.947336298523,0.855,3955.7,3495.69,460.01,198.21,0.853,49,11016.18,4002.29,806.19,0.349,0,12
C10427,4052.6148091298433,0.955,3501.98,2994.17,507.81,294.89,0.841,44,12446.74,5070.37,1197.62,0.452,0,11
C10428,6529.077189997659,0.895,2982.29,2387.94,594.35,0.0,0.897,51,15073.04,5271.89,1513.6,0.619,0,11
C10429,7087.636730274382,0.989,3420.87,2526.96,893.91,161.06,0.854,49,13507.74,3889.19,1124.7,0.475,1,12
C10430,2861.8907703653285,0.996,2731.27,1976.16,755.12,218.14,0.857,47,9873.66,3611.76,656.875,0.764,0,12
C10431,3725.1122310013375,0.992,4240.9,3372.75,868.15,195.18,0.931,39,18212.97,3944.08,1608.61,0.333,1,12
C10432,2441.151733359849,0.921,3276.03,2501.67,774.36,330.47,0.994,36,12661.94,4337.96,1567.57,0.575,0,12
C10433,5095.889748333164,0.979,4480.54,2772.03,1708.51,135.52,0.921,53,15188.48,4891.3,1016.14,0.595,1,10
C10434,6576.313383693943,0.977,2332.93,1758.44,574.48,524.21,0.815,50,11620.71,4004.23,768.06,0.626,0,12
C10435,7753.535578144042,0.898,4597.06,3870.36,726.7,300.04,0.815,45,13333.4,4618.89,954.56,0.428,0,12
C10436,5611.142170629662,0.974,5200.23,3836.59,1363.65,298.14,0.99,42,14098.67,5638.36,1278.5,0.482,0,12
C10437,7942.923318356938,0.856,1807.52,1112.68,694.83,234.42,0.859,40,15045.49,4381.31,1418.31,0.722,2,11
C10438,3429.847812677663,0.939,4648.87,3885.91,762.96,331.04,0.818,48,14643.42,4311.65,331.37,0.397,1,12
C10439,2944.926340967268,0.885,5673.2,3746.63,1926.57,465.02,0.92,46,14180.49,2481.09,1196.75,0.713,0,11
C10440,5416.6784516550715,0.868,2748.43,1862.3,886.13,126.57,0.925,41,11212.28,1369.27,1263.24,0.581,0,12
C10441,2361.406262279878,0.862,6207.09,4030.96,2176.13,168.38,0.93,64,10570.63,4388.38,1088.98,0.681,2,12
C10442,5450.95787785886,0.954,4702.82,3287.58,1415.25,239.25,0.853,55,12831.52,3905.18,1716.51,0.657,0,12
C10443,2398.836849940185,0.901,3353.99,2773.83,580.15,30.83,0.803,46,14332.82,3485.22,1368.71,0.404,0,11
C10444,5366.3199407308175,0.959,4133.08,3123.84,1009.23,136.15,0.993,32,11443.2,4243.53,1724.08,0.584,1,12
C10445,3543.2957492427204,0.86,4869.99,3221.33,1648.67,204.76,0.85,47,14662.93,3939.6,1113.62,0.734,2,12
C10446,6504.508823245058,0.897,4291.21,3704.81,586.4,474.88,0.935,56,15631.54,5127.78,1574.99,0.516,0,12
C10447,6049.897369145272,0.931,4846.51,4186.77,659.73,352.51,0.941,37,9709.2,4086.11,1854.03,0.783,0,12
C10448,4090.1803205089673,0.969,3095.19,2665.5,429.69,338.72,0.922,41,9907.7,3253.08,1724.68,0.526,2,12
C10449,4729.199623994959,0.898,4403.23,2957.38,1445.85,470.18,0.863,51,11649.06,4990.17,763.14,0.371,0,12
C10450,3911.1797171665726,0.944,2503.54,1841.03,662.51,272.53,0.854,41,12769.03,3782.87,1098.53,0.495,0,12
C10451,272.4126006789957,0.422,196.26,87.69,108.58,226.08,0.109,5,3466.44,552.32,449.75,0.264,1,8
C10452,808.0425867476393,0.479,317.09,105.77,211.32,161.67,0.289,3,1949.68,575.07,93.4,0.046,0,6
C10453,2361.406262279878,0.404,248.8,79.84,168.96,108.8,0.393,6,1902.71,250.17,508.58,0.258,0,10
C10454,1338.059048180966,0.651,395.36,158.69,236.67,55.97,0.199,6,3342.75,430.07,301.43,0.099,0,12
C10455,943.8955900507152,0.527,0.0,0.0,0.0,47.1,0.136,4,3589.34,510.21,198.11,0.11,0,12
C10456,600.5464416846195,0.789,280.66,95.85,184.81,0.0,0.271,7,4065.1,639.31,330.64,0.012,1,11
C10457,419.5262518448176,0.477,131.47,82.19,49.28,56.85,0.372,4,3605.1,416.84,185.55,0.098,0,8
C10458,2361.406262279878,0.538,387.7,122.34,265.36,0.0,0.335,0,3686.14,685.57,109.05,0.267,0,8
C10459,397.22905562194234,0.543,353.06,198.98,154.08,26.39,0.287,9,1588.19,271.13,257.91,0.008,0,11
C10460,819.1301279138731,0.403,358.5,146.64,211.87,68.91,0.195,1,4483.56,513.91,320.01,0.122,0,7
C10461,574.3215280558054,0.736,496.81,322.24,174.57,160.99,0.263,6,2790.24,480.48,377.84,0.009,0,9
C10462,202.38488268409975,0.413,418.95,206.96,211.99,96.01,0.127,4,4033.0,196.89,299.77,0.111,1,9
C10463,1302.0583153499615,0.776,226.39,95.59,130.8,179.49,0.304,5,1623.83,490.46,656.875,0.052,0,7
C10464,600.9309906283843,0.757,249.81,126.67,123.14,234.91,0.318,6,2758.58,383.48,388.63,0.076,0,7
C10465,292.745278009875,0.614,340.14,154.01,186.13,205.82,0.39,8,3943.02,782.75,656.875,0.263,0,6
C10466,732.6963462049833,0.617,270.43,142.17,128.26,147.05,0.178,4,3027.92,417.95,276.9,0.131,0,11
C10467,827.3486263870635,0.662,355.78,123.03,232.74,101.19,0.106,5,2246.03,570.17,371.08,0.082,0,10
C10468,101.41330976838655,0.555,0.0,0.0,0.0,1.92,0.264,10,4309.81,253.79,468.48,0.177,0,9
C10469,932.6590668503052,0.659,532.12,250.21,281.91,173.99,0.312,5,1828.59,547.31,195.64,0.043,0,7
C10470,381.1369725238942,0.418,259.15,113.84,145.31,267.97,0.337,7,2979.57,416.99,160.03,0.078,0,7
C10471,1484.411523676315,0.422,6.63,3.87,2.76,134.21,0.158,6,3640.17,344.74,192.73,0.164,0,11
C10472,1009.584204830694,0.583,112.93,50.32,62.61,291.73,0.179,4,5095.69,1066.78,115.03,0.071,0,12
C10473,640.0400039562735,0.62,0.0,0.0,0.0,0.0,0.254,3,2541.64,429.31,309.12,0.204,0,10
C10474,501.93289187305993,0.755,86.46,41.65,44.81,0.0,0.199,5,2723.55,457.61,89.01,0.147,0,7
C10475,758.0129169745504,0.442,228.66,134.41,94.25,185.52,0.358,4,2555.31,680.4,376.5,0.232,1,12
C10476,1045.116296633316,0.729,477.21,163.67,313.53,126.43,0.242,4,3238.47,346.31,182.78,0.284,0,6
C10477,2361.406262279878,0.484,311.6,198.94,112.66,231.38,0.34,5,3587.93,580.65,385.87,0.035,0,10
C10478,713.1364771452573,0.558,284.93,169.33,115.6,98.45,0.274,2,4093.31,602.06,0.0,0.1,0,12
C10479,823.3481163271582,0.527,79.73,30.67,49.06,13.2,0.332,7,3756.05,548.94,211.48,0.096,0,6
C10480,558.4564275052181,0.56,126.33,45.24,81.09,78.64,0.2,3,2502.63,959.27,120.7,0.045,0,8
C10481,662.717629262785,0.46,137.96,58.84,79.12,0.0,0.349,5,3813.37,339.15,385.34,0.243,0,9
C10482,0.0,0.601,144.08,99.48,44.6,0.0,0.182,6,3091.55,807.52,417.9,0.228,0,7
C10483,1189.4904923409472,0.721,197.27,79.45,117.82,197.24,0.264,8,3745.25,594.43,15.59,0.145,0,12
C10484,919.5191121287048,0.577,208.6,100.64,107.96,187.28,0.164,5,3802.37,681.89,336.59,0.161,0,10
C10485,2361.406262279878,0.596,199.14,62.13,137.01,136.3,0.243,3,4630.13,568.25,356.87,0.018,0,6
C10486,1559.4939925420956,0.74,149.3,68.51,80.79,0.0,0.195,3,2645.41,875.66,282.57,0.167,0,9
C10487,834.8065921569546,0.682,270.26,142.84,127.42,64.16,0.18,5,2454.45,435.98,308.82,0.237,1,9
C10488,385.5425712099212,0.596,202.84,138.18,64.65,0.0,0.39,7,3447.16,599.44,301.61,0.172,0,7
C10489,1142.6949685881834,0.503,10.66,5.4,5.26,217.65,0.148,5,6162.245000000001,761.09,336.95,0.08,1,12
C10490,959.219286603705,0.754,255.16,160.15,95.01,41.63,0.336,5,3058.06,388.23,140.75,0.2,0,9
C10491,957.8319941936876,0.631,232.49,120.63,111.86,0.0,0.395,10,4247.71,700.09,370.05,0.108,0,7
C10492,629.6977581393638,0.488,13.06,4.13,8.93,102.98,0.106,2,3690.06,496.27,270.93,0.163,0,12
C10493,980.1982895112138,0.508,161.3,68.72,92.59,35.98,0.31,6,2798.78,253.02,264.93,0.146,0,12
C10494,695.2966839115622,0.721,339.56,180.04,159.52,248.37,0.176,7,3563.34,209.68,306.66,0.114,0,8
C10495,1022.3765806583368,0.418,79.53,54.1,25.43,26.52,0.112,4,2565.17,481.84,122.92,0.216,0,7
C10496,38.02221839574447,0.797,63.67,40.98,22.69,0.0,0.221,11,3238.6,698.18,656.875,0.265,0,11
C10497,626.4506148083243,0.452,201.27,78.76,122.5,0.0,0.381,5,1926.84,84.21,656.875,0.002,0,6
C10498,1488.862039123278,0.718,343.44,133.27,210.17,96.92,0.104,4,2931.84,540.09,404.35,0.28,0,11
C10499,493.17301783987995,0.558,521.55,198.43,323.12,43.81,0.276,1,3999.69,678.48,131.46,0.153,0,12
C10500,558.4646810027255,0.597,348.84,233.37,115.47,0.0,0.25,11,3767.15,244.41,267.52,0.21,1,12
C10501,620.81546462001,0.752,412.72,264.58,148.14,218.92,0.362,3,3620.84,373.21,178.33,0.257,0,9
C10502,314.0775456445427,0.565,302.0,184.21,117.8,166.72,0.125,2,3287.48,614.47,164.9,0.14,0,9
C10503,0.0,0.615,147.23,67.3,79.93,97.18,0.304,7,3159.85,669.71,300.07,0.25,0,9
C10504,707.7654405905548,0.42,347.76,174.49,173.27,236.43,0.304,5,1732.94,820.82,325.94,0.053,0,12
C10505,854.3437696326628,0.401,237.16,115.2,121.96,166.25,0.301,1,2793.91,382.73,171.24,0.048,0,7
C10506,778.9979725845392,0.498,306.56,123.04,183.52,17.71,0.383,6,3182.62,336.88,388.73,0.197,0,10
C10507,742.0485752208452,0.672,108.1,54.27,53.83,0.0,0.347,4,1875.6,830.54,292.25,0.261,0,7
C10508,2361.406262279878,0.449,319.97,99.89,220.07,181.8,0.113,9,1248.24,349.01,225.83,0.268,0,6
C10509,1209.1365886203057,0.446,231.92,81.81,150.12,139.64,0.241,4,4128.83,601.46,284.75,0.193,0,7
C10510,723.8215256283133,0.564,284.69,186.37,98.32,116.97,0.219,9,3050.84,936.62,453.63,0.158,0,9
C10511,570.3669691650922,0.659,237.24,142.5,94.74,15.35,0.193,5,3209.98,650.54,325.35,0.099,1,8
C10512,687.5498060447654,0.685,208.42,97.78,110.64,160.79,0.235,2,3555.63,656.65,180.13,0.294,0,6
C10513,1031.7387039027103,0.471,322.7,163.57,159.14,24.45,0.215,8,2017.83,755.61,248.13,0.096,0,11
C10514,1364.8107514172998,0.432,189.09,84.71,104.38,89.8,0.23,2,2596.5,604.97,263.13,0.223,0,8
C10515,548.7425043323286,0.776,11.7,6.97,4.72,244.69,0.394,7,4504.07,657.61,656.875,0.16,1,6
C10516,839.5735148115535,0.504,0.0,0.0,0.0,33.92,0.127,9,2511.34,431.48,273.95,0.183,0,6
C10517,935.3429767743838,0.741,277.66,168.07,109.59,0.0,0.377,3,2734.14,731.99,439.53,0.118,0,12
C10518,402.9687973084708,0.745,182.92,107.75,75.17,0.0,0.244,3,2330.51,582.7,656.875,0.289,1,9
C10519,808.1668668851672,0.709,0.0,0.0,0.0,199.43,0.287,6,2259.15,204.39,77.01,0.172,0,12
C10520,213.73045706316196,0.468,265.98,115.75,150.23,125.47,0.349,7,4105.48,548.59,271.45,0.281,0,11
C10521,92.3798785042405,0.729,235.92,115.11,120.81,87.11,0.208,2,523.32,66.07,205.89,0.002,0,7
C10522,946.6985631569028,0.708,175.06,75.68,99.38,49.09,0.229,9,6162.245000000001,642.78,99.6,0.172,0,12
C10523,646.4501034676869,0.639,287.02,172.78,114.24,148.54,0.223,5,3225.41,453.29,179.65,0.215,1,11
C10524,880.9121630484876,0.535,447.26,193.1,254.16,15.09,0.212,5,4696.79,881.11,214.16,0.224,0,9
C10525,2361.406262279878,0.505,442.69,157.28,285.4,130.57,0.378,3,1864.77,597.93,363.98,0.271,0,9
C10526,409.43998053448104,0.449,271.56,124.82,146.75,26.87,0.349,6,1694.33,684.84,101.68,0.001,0,12
C10527,781.8982792142654,0.604,237.29,164.2,73.09,10.23,0.133,6,2139.9,290.16,284.98,0.0,0,9
C10528,306.75947799405793,0.634,273.66,106.82,166.84,36.25,0.132,4,3701.71,636.91,472.05,0.142,0,8
C10529,1356.3889432005603,0.544,296.35,161.47,134.88,62.46,0.228,6,3125.29,371.87,232.51,0.009,0,11
C10530,257.6118620560145,0.59,209.76,99.25,110.5,95.12,0.13,8,1557.36,718.1,229.58,0.292,1,11
C10531,721.6858916125675,0.545,276.18,90.7,185.48,123.55,0.286,4,3099.56,276.33,321.98,0.067,0,6
C10532,2361.406262279878,0.656,13.96,6.91,7.05,0.0,0.143,6,4551.44,521.96,302.22,0.142,0,10
C10533,1028.1684693443185,0.761,262.2,152.3,109.9,19.23,0.257,4,3264.48,268.42,391.76,0.018,0,7
C10534,667.4274514873989,0.466,321.52,162.46,159.06,60.84,0.102,9,3164.56,525.16,233.29,0.157,0,9
C10535,592.5333121515159,0.553,176.52,114.54,61.99,250.51,0.195,5,3224.74,904.5,320.22,0.114,0,11
C10536,1141.2806180206217,0.456,235.68,97.94,137.74,0.0,0.303,7,3414.5,644.25,321.81,0.013,0,11
C10537,811.7722366710209,0.65,83.27,27.86,55.42,116.28,0.245,2,1732.9,493.47,216.44,0.101,0,6
C10538,1006.6577783743868,0.692,62.45,42.13,20.32,249.5,0.393,4,2768.08,7.57,238.6,0.117,0,7
C10539,407.4696253930141,0.773,281.62,127.09,154.53,0.0,0.362,4,2820.24,392.86,248.88,0.297,0,10
C10540,238.07322242899724,0.512,140.57,74.58,65.99,139.4,0.208,7,2516.53,594.93,126.23,0.062,1,10
C10541,842.8831848160535,0.78,0.0,0.0,0.0,19.77,0.114,3,3686.12,397.83,211.13,0.163,0,9
C10542,672.4614578021075,0.425,83.23,35.77,47.47,49.54,0.354,4,2366.01,785.43,399.62,0.296,0,10
C10543,1050.5738689815778,0.641,105.04,61.6,43.44,19.69,0.373,3,2640.03,514.31,353.77,0.238,0,10
C10544,768.0366189349801,0.423,366.19,129.69,236.5,26.81,0.346,3,1739.83,715.72,192.01,0.298,0,12
C10545,882.030135693852,0.758,276.87,115.32,161.55,372.19,0.138,2,3378.31,540.98,248.43,0.29,0,7
C10546,150.64698802350244,0.612,119.26,42.68,76.58,184.45,0.399,10,3941.9,444.8,347.14,0.147,0,7
C10547,1555.3747758457027,0.668,161.84,101.06,60.77,210.17,0.178,3,2638.98,405.73,294.34,0.209,1,12
C10548,734.3032059871872,0.733,446.81,173.84,272.98,149.2,0.317,2,3807.39,297.57,329.99,0.033,0,9
C10549,1079.0347881356795,0.46,390.42,229.16,161.26,0.0,0.372,6,2853.04,719.32,303.41,0.132,0,11
C10550,465.5633319121494,0.415,82.29,55.74,26.55,139.5,0.171,4,500.0,414.4,656.875,0.243,0,6
C10551,923.2039608869364,0.752,424.53,216.98,207.55,207.29,0.372,6,2948.48,604.46,233.41,0.152,0,9
C10552,278.8620945901019,0.526,237.91,122.76,115.14,14.66,0.193,2,2824.43,394.85,130.49,0.211,0,8
C10553,980.8271353038684,0.452,369.94,179.2,190.74,196.53,0.393,4,3103.0,283.39,319.22,0.224,0,10
C10554,657.6103662456669,0.587,225.5,97.05,128.46,170.43,0.184,9,3253.19,611.03,227.82,0.076,1,12
C10555,811.676201574227,0.639,427.87,209.77,218.1,285.2,0.386,10,2316.08,350.66,85.21,0.263,1,6
C10556,1079.189612052039,0.412,76.06,41.16,34.9,58.22,0.116,5,4471.31,419.9,195.43,0.138,0,11
C10557,306.9838755118879,0.51,211.68,146.99,64.69,0.0,0.313,2,2933.84,250.26,335.23,0.063,0,11
C10558,526.2033077548812,0.413,432.47,291.96,140.51,63.84,0.26,3,2800.34,401.38,58.38,0.26,0,7
C10559,982.9297124347062,0.568,0.0,0.0,0.0,243.56,0.243,7,3744.53,504.82,147.05,0.125,1,8
C10560,1639.2885898186987,0.758,243.09,159.38,83.71,0.0,0.167,6,3018.54,442.5,263.71,0.225,0,11
C10561,744.7670661354073,0.793,190.97,93.03,97.94,0.0,0.312,4,5565.84,663.65,390.57,0.164,0,8
C10562,1036.454447169573,0.655,352.7,198.56,154.14,108.94,0.157,2,2790.09,529.1,350.0,0.115,0,10
C10563,757.211412056608,0.465,410.49,270.11,140.38,55.74,0.266,7,3351.82,1117.46,400.16,0.243,0,7
C10564,1576.89823790252,0.762,359.54,164.38,195.17,100.77,0.176,6,2250.85,584.85,270.78,0.175,0,6
C10565,101.11133321389777,0.606,286.15,195.93,90.22,194.53,0.387,7,3870.54,152.9,229.08,0.117,1,7
C10566,837.8484178677433,0.461,256.08,119.42,136.67,44.74,0.109,7,3308.72,457.42,334.33,0.033,1,10
C10567,149.7823865751756,0.769,198.59,107.33,91.27,0.0,0.16,3,2661.03,474.75,160.06,0.269,0,12
C10568,0.0,0.703,281.5,164.37,117.12,304.45,0.173,3,2127.56,377.27,152.26,0.011,0,11
C10569,918.9848212471268,0.693,468.95,319.0,149.95,0.28,0.224,4,1690.58,514.52,134.49,0.259,1,8
C10570,855.7991184589836,0.684,125.42,49.9,75.52,0.0,0.17,5,3418.71,371.32,358.89,0.108,0,12
C10571,686.0652249031194,0.48,189.69,113.52,76.17,210.37,0.247,2,1613.12,566.56,166.54,0.192,0,10
C10572,757.5223639840988,0.484,238.67,121.32,117.35,61.55,0.362,4,4308.47,118.26,350.06,0.277,0,11
C10573,2039.319773628503,0.675,400.14,163.03,237.11,93.66,0.314,7,1737.15,728.83,264.85,0.046,1,9
C10574,696.7299447874262,0.488,283.5,173.11,110.38,148.28,0.274,5,2821.63,184.34,360.17,0.17,0,8
C10575,1004.04974450003,0.575,397.52,207.06,190.46,208.36,0.127,6,2118.46,447.29,139.46,0.229,0,10
C10576,540.2540721544476,0.713,405.12,228.64,176.47,66.65,0.308,4,3032.69,353.46,187.45,0.227,1,6
C10577,918.0930300162412,0.714,338.81,145.4,193.4,252.0,0.15,9,3026.51,561.18,295.4,0.158,0,6
C10578,704.706529977753,0.581,90.4,44.52,45.88,0.0,0.336,2,3444.8,463.35,206.9,0.187,1,11
C10579,635.792606908108,0.717,499.16,273.01,226.15,175.98,0.175,6,1473.72,550.33,0.66,0.227,0,11
C10580,1527.55941288013,0.735,461.86,213.36,248.5,16.05,0.225,4,2236.3,722.24,112.77,0.252,0,6
C10581,1270.8739852737356,0.662,259.53,98.45,161.08,237.23,0.205,3,3970.55,653.72,138.67,0.229,0,9
C10582,854.6986589596922,0.491,42.73,29.26,13.48,114.2,0.358,6,3658.55,507.26,146.09,0.106,0,7
C10583,0.0,0.51,15.93,8.04,7.89,32.71,0.138,7,500.52,591.9,318.18,0.299,0,6
C10584,655.5963106989722,0.526,288.15,171.04,117.11,166.28,0.27,8,3377.23,892.0,283.7,0.13,1,11
C10585,1881.2110257620336,0.447,144.74,67.22,77.52,189.32,0.143,9,1967.54,660.85,266.22,0.007,0,11
C10586,707.7353333441167,0.509,0.0,0.0,0.0,164.19,0.311,5,2408.18,441.29,450.87,0.109,1,9
C10587,1241.2870288214633,0.484,13.1,6.06,7.03,0.0,0.372,4,2772.67,755.57,367.52,0.038,0,6
C10588,1376.7769607810403,0.582,179.5,83.23,96.27,51.6,0.23,3,4557.39,578.26,330.18,0.036,0,9
C10589,887.58556634239,0.763,279.24,144.55,134.68,99.59,0.246,7,1957.3,307.45,100.47,0.084,0,6
C10590,463.2713472527391,0.442,460.86,238.44,222.42,95.87,0.378,4,1596.11,463.86,255.95,0.016,0,7
C10591,0.0,0.688,322.63,160.95,161.68,174.97,0.256,8,3450.32,205.55,656.875,0.207,0,10
C10592,1073.6652834435818,0.675,192.79,68.23,124.56,0.0,0.246,8,2971.98,43.0,208.48,0.022,1,6
C10593,474.0975988705808,0.438,306.99,153.01,153.98,133.43,0.273,1,4207.0,310.19,420.64,0.061,0,10
C10594,870.4601807550769,0.769,293.59,107.93,185.65,71.0,0.307,5,2647.17,524.52,255.12,0.028,0,6
C10595,300.07186416425435,0.627,360.93,126.49,234.44,16.15,0.132,4,4210.82,525.1,127.17,0.019,0,7
C10596,693.9049838119191,0.545,244.01,164.23,79.78,25.75,0.346,3,3016.27,217.68,150.26,0.08,0,12
C10597,813.4876219604213,0.703,405.43,219.73,185.69,78.55,0.231,2,3529.12,24.25,478.23,0.172,0,11
C10598,907.4374324177192,0.503,373.67,210.67,163.0,0.0,0.122,8,4623.94,794.15,207.99,0.289,0,10
C10599,354.07112505903433,0.677,262.41,120.89,141.51,29.87,0.336,8,2832.75,519.06,42.15,0.263,0,9
C10600,1278.764379504541,0.416,232.12,154.03,78.09,12.42,0.213,3,4044.67,811.14,190.07,0.263,0,6
C10601,561.2420861072115,0.736,387.96,215.39,172.58,153.28,0.13,4,2386.4,799.72,67.34,0.053,0,11
C10602,130.21221581870196,0.579,142.98,86.88,56.1,19.45,0.29,12,3227.54,646.94,341.73,0.079,0,6
C10603,756.3906320146144,0.655,24.01,10.74,13.27,78.49,0.364,3,1555.34,511.83,54.51,0.023,0,9
C10604,813.7501236105841,0.488,23.16,15.84,7.32,254.23,0.366,3,2495.68,420.47,109.78,0.234,1,7
C10605,864.235773268704,0.671,130.54,82.01,48.54,199.44,0.387,4,1941.96,643.72,250.4,0.021,0,8
C10606,1344.8529614740316,0.709,348.95,223.88,125.07,190.23,0.36,3,4220.75,468.03,360.94,0.167,0,6
C10607,705.4204653056563,0.589,186.58,68.83,117.75,50.01,0.101,4,4738.8,382.08,243.06,0.074,0,12
C10608,752.1521502524914,0.647,280.68,114.62,166.05,154.3,0.214,6,2645.3,80.42,124.24,0.073,1,9
C10609,358.7262475067626,0.583,175.71,72.79,102.92,76.61,0.346,4,2226.96,483.38,268.26,0.297,0,8
C10610,1128.221401155159,0.758,176.9,72.24,104.66,80.39,0.21,3,1686.06,719.33,203.22,0.227,0,6
C10611,873.7236256312415,0.599,96.18,61.76,34.42,140.97,0.28,8,3264.54,751.86,363.27,0.251,0,10
C10612,631.9889090823349,0.737,236.22,73.88,162.34,40.3,0.282,2,2397.71,510.66,335.48,0.172,0,11
C10613,38.13012261381452,0.721,223.73,73.93,149.8,249.3,0.21,3,2451.28,322.26,196.28,0.261,0,11
C10614,1377.764878022035,0.564,311.9,127.74,184.16,83.99,0.371,7,4629.59,680.55,327.98,0.194,0,9
C10615,2361.406262279878,0.492,293.15,111.38,181.77,161.84,0.251,3,2703.6,496.93,277.12,0.284,0,10
C10616,563.4887962521177,0.562,220.43,86.57,133.86,245.56,0.239,7,3586.65,426.86,386.68,0.084,0,7
C10617,943.3378044304012,0.73,24.09,14.91,9.17,203.17,0.399,5,3052.96,208.82,656.875,0.179,0,8
C10618,321.37682855332537,0.491,410.59,215.66,194.93,0.0,0.248,2,1644.79,920.75,304.7,0.207,0,9
C10619,202.59608869874265,0.61,237.24,71.72,165.52,144.49,0.154,9,1155.12,647.68,382.8,0.118,0,12
C10620,2361.406262279878,0.722,261.95,123.57,138.38,185.07,0.254,4,3487.52,669.25,251.54,0.264,1,6
C10621,1088.3987811622542,0.541,490.07,226.98,263.09,189.19,0.344,3,4704.11,327.44,172.69,0.294,0,11
C10622,581.9255021094713,0.657,386.23,133.47,252.76,0.0,0.333,1,3314.99,515.95,270.08,0.148,1,6
C10623,1970.908036989332,0.498,316.97,180.82,136.15,34.3,0.337,2,3624.09,483.7,214.46,0.117,0,8
C10624,402.2579737476506,0.444,249.65,145.01,104.65,199.46,0.312,6,2095.29,656.42,310.42,0.142,1,10
C10625,431.4195906284315,0.718,248.25,146.06,102.19,23.82,0.176,10,4014.89,771.94,256.19,0.256,0,10
C10626,573.8428118858394,0.44,286.02,169.15,116.87,70.03,0.359,6,4002.5,213.16,290.29,0.194,0,9
C10627,897.2538620553956,0.509,311.04,93.32,217.72,257.59,0.368,6,2303.8,285.06,129.59,0.013,0,9
C10628,611.9186644858754,0.742,506.71,345.36,161.35,95.22,0.158,2,3545.41,629.15,300.83,0.163,0,10
C10629,1044.9328856010047,0.539,620.99,388.54,232.45,27.32,0.139,4,1233.58,398.39,121.48,0.005,0,9
C10630,408.56464400453825,0.789,293.54,194.2,99.34,12.24,0.393,5,3723.91,662.97,346.18,0.234,0,10
C10631,247.3633126145676,0.792,0.0,0.0,0.0,133.27,0.36,8,2427.58,425.39,346.33,0.098,0,8
C10632,80.714104236357,0.507,107.24,72.23,35.01,0.0,0.368,5,1772.87,250.25,284.8,0.142,0,9
C10633,0.0,0.416,521.72,325.51,196.21,75.27,0.366,3,3402.64,148.13,281.01,0.24,0,10
C10634,592.7723922099773,0.682,357.8,227.16,130.64,133.32,0.263,1,1228.27,596.83,227.63,0.014,0,9
C10635,679.6078750427113,0.58,313.91,105.89,208.02,229.91,0.294,7,3342.41,601.73,189.68,0.048,0,6
C10636,547.4251890067267,0.44,224.97,133.97,91.0,166.75,0.264,7,1867.72,694.04,248.5,0.119,0,11
C10637,1297.3623188748647,0.683,71.65,49.0,22.64,28.59,0.115,4,1653.72,565.57,448.27,0.069,1,6
C10638,1291.212083843254,0.412,501.67,286.66,215.01,217.84,0.324,4,3059.85,0.0,656.875,0.101,0,7
C10639,666.0788050221993,0.748,126.52,66.83,59.69,70.05,0.252,4,2827.45,600.69,115.43,0.299,0,10
C10640,82.43155472321479,0.455,359.4,243.76,115.64,0.0,0.294,9,4456.79,208.51,79.16,0.248,1,7
C10641,573.3179567779788,0.451,54.89,26.19,28.7,82.8,0.251,1,1715.2,126.46,106.19,0.265,0,10
C10642,560.0714424331753,0.47,217.7,117.5,100.2,243.82,0.248,3,4375.05,102.37,212.24,0.281,0,11
C10643,537.1460150887768,0.784,398.94,195.7,203.25,116.52,0.152,4,1862.36,83.96,376.58,0.102,1,9
C10644,520.9124384407021,0.677,212.55,143.07,69.47,101.25,0.184,3,3919.44,555.8,147.65,0.089,0,10
C10645,538.6148417100771,0.721,194.73,64.35,130.39,263.72,0.148,3,4106.09,353.76,392.17,0.07,0,6
C10646,645.3833536408961,0.559,251.6,125.91,125.69,0.0,0.159,8,3321.46,196.18,267.94,0.249,1,9
C10647,545.7835604737774,0.535,49.6,28.51,21.09,0.0,0.392,11,2209.05,504.62,298.34,0.204,1,11
C10648,883.3290034502369,0.494,21.38,13.19,8.19,0.0,0.146,4,1477.05,278.81,295.6,0.071,0,6
C10649,944.1474863619444,0.592,357.14,190.43,166.71,137.26,0.181,2,1048.22,696.21,309.07,0.113,0,9
C10650,435.7419651270041,0.621,186.67,123.87,62.8,116.65,0.277,3,4852.29,790.04,208.86,0.152,0,10
C10651,1308.4261304028132,0.653,355.97,240.92,115.05,254.27,0.283,4,2703.15,456.48,16.56,0.158,0,10
C10652,407.9750792637545,0.503,417.73,136.07,281.66,124.35,0.146,2,1895.33,775.45,191.16,0.267,0,6
C10653,152.87975447386515,0.779,429.8,198.11,231.68,59.58,0.338,7,1856.84,775.12,161.21,0.114,0,8
C10654,952.3112285460206,0.468,6.85,2.12,4.73,100.18,0.336,2,3167.86,516.92,281.06,0.273,1,10
C10655,473.03674623426406,0.786,145.33,62.75,82.58,111.77,0.171,11,2605.15,846.69,271.92,0.132,1,8
C10656,928.5165883029553,0.406,330.64,170.19,160.44,0.0,0.187,5,1080.71,375.67,222.76,0.224,0,9
C10657,0.0,0.592,332.95,221.18,111.77,371.03,0.381,5,3864.54,108.95,425.55,0.279,0,8
C10658,1356.982376593227,0.533,587.42,375.14,212.28,151.99,0.348,4,3334.98,189.12,185.93,0.272,0,6
C10659,1068.9173632161608,0.58,113.86,39.96,73.89,121.0,0.309,4,4839.91,366.46,27.43,0.017,0,7
C10660,199.80938033479933,0.628,425.23,143.39,281.83,161.52,0.125,4,4140.79,606.86,261.95,0.062,0,7
C10661,208.48915046148576,0.574,305.84,163.84,142.0,170.94,0.225,3,500.0,269.04,368.92,0.143,0,6
C10662,1468.906361639011,0.566,3.96,2.03,1.93,85.94,0.268,5,4416.97,364.84,278.72,0.129,0,12
C10663,505.0480386008165,0.693,167.83,68.23,99.6,36.88,0.156,9,4207.49,250.1,214.34,0.192,1,7
C10664,466.3260605069504,0.674,289.38,190.93,98.45,159.95,0.234,5,2263.63,369.42,274.04,0.283,0,6
C10665,0.0,0.733,0.0,0.0,0.0,138.57,0.28,2,2567.42,768.54,433.89,0.034,0,10
C10666,659.6887177593784,0.5,0.0,0.0,0.0,19.01,0.198,6,3411.73,571.52,162.49,0.136,0,8
C10667,708.9121540656988,0.644,0.0,0.0,0.0,241.9,0.334,7,1985.78,384.6,253.09,0.058,0,7
C10668,1086.197238707794,0.634,288.87,131.03,157.84,129.34,0.352,5,2757.27,744.09,316.99,0.268,1,10
C10669,240.3686287262098,0.548,177.3,105.44,71.85,172.98,0.197,7,4000.04,505.13,275.39,0.289,0,7
C10670,191.88528310375617,0.594,157.01,76.99,80.01,239.19,0.352,7,3517.73,526.73,225.21,0.144,0,9
C10671,980.3850539105908,0.526,162.16,56.6,105.56,102.19,0.131,8,2333.22,728.56,207.37,0.031,0,6
C10672,1202.692028490826,0.457,36.38,24.42,11.96,131.7,0.351,7,4022.76,431.48,221.48,0.236,0,6
C10673,171.53905955284677,0.486,181.54,87.44,94.1,181.0,0.146,3,3302.9,683.25,303.2,0.209,1,10
C10674,1232.6056345198965,0.442,0.0,0.0,0.0,27.51,0.125,4,3268.71,668.99,297.38,0.106,0,12
C10675,815.0167365947286,0.673,428.15,191.33,236.82,105.41,0.293,4,2485.07,470.89,459.47,0.266,0,9
C10676,2361.406262279878,0.664,503.85,154.96,348.89,112.55,0.242,3,2993.46,220.76,96.32,0.293,0,8
C10677,771.9118553929534,0.78,0.0,0.0,0.0,4.39,0.372,7,2225.91,502.54,425.79,0.167,0,9
C10678,0.0,0.692,179.63,89.54,90.09,331.76,0.209,7,1059.45,727.45,229.55,0.17,0,12
C10679,739.2130470735844,0.421,189.4,109.09,80.31,0.0,0.186,3,2720.21,663.95,240.94,0.089,0,9
C10680,1224.057527468508,0.754,223.83,97.12,126.71,0.0,0.25,7,2877.85,842.05,335.87,0.175,0,11
C10681,442.5015923665143,0.745,400.23,231.41,168.82,231.42,0.237,8,3137.29,401.92,335.24,0.132,1,8
C10682,644.8140124370191,0.577,180.07,104.34,75.73,171.33,0.203,3,4212.15,655.86,365.66,0.091,0,8
C10683,729.5465985796087,0.634,236.76,137.69,99.07,0.0,0.308,4,2347.72,298.74,387.48,0.02,0,9
C10684,0.0,0.79,696.86,346.34,350.51,160.73,0.328,7,2632.25,540.32,246.02,0.076,1,7
C10685,1468.5390301749906,0.613,233.31,155.37,77.93,246.79,0.356,1,3766.18,721.08,388.76,0.059,0,11
C10686,439.4497280411302,0.762,514.94,255.24,259.69,96.97,0.392,4,2247.48,681.28,187.08,0.163,0,7
C10687,1002.2941729891196,0.433,325.3,156.18,169.12,359.88,0.18,2,3153.75,520.61,219.47,0.181,0,9
C10688,2361.406262279878,0.476,166.94,63.4,103.55,0.0,0.315,2,2591.72,446.39,231.8,0.183,0,7
C10689,1303.047622543744,0.576,141.89,60.03,81.86,169.38,0.218,5,2756.38,301.03,197.34,0.116,0,8
C10690,962.4224489712324,0.634,248.91,78.89,170.02,216.65,0.303,6,3758.14,454.85,255.99,0.126,0,8
C10691,706.0302913916101,0.726,81.03,44.84,36.19,189.13,0.243,5,2626.55,237.96,339.64,0.25,0,7
C10692,442.5939629922879,0.795,120.42,48.1,72.32,79.56,0.398,4,3790.74,431.36,315.13,0.143,0,8
C10693,1119.1402805528555,0.556,186.54,78.66,107.88,70.96,0.319,5,1047.57,138.76,188.68,0.296,0,6
C10694,50.62347841815331,0.419,294.0,178.85,115.15,144.41,0.386,7,1570.39,236.27,180.45,0.132,0,8
C10695,1058.356168110357,0.72,523.9,225.74,298.16,181.58,0.35,4,681.8,670.56,164.47,0.195,0,9
C10696,360.38209937805095,0.642,177.26,70.35,106.91,160.25,0.371,2,1834.23,648.28,258.88,0.015,0,10
C10697,1300.913464782656,0.479,319.23,117.36,201.87,204.01,0.344,9,4856.84,442.23,91.92,0.196,0,7
C10698,864.5198170650781,0.598,5.82,3.55,2.27,0.0,0.238,4,2982.46,512.95,160.94,0.255,0,11
C10699,1057.6495071400434,0.697,409.04,143.94,265.11,77.22,0.176,3,2278.7,539.78,204.12,0.283,0,12
C10700,832.7955255298878,0.708,0.0,0.0,0.0,6.0,0.211,4,3782.81,592.07,355.54,0.299,0,7
C10701,99.04916194360132,0.6,369.76,185.9,183.85,61.39,0.106,4,3924.01,570.66,236.78,0.085,1,12
C10702,455.7083346418646,0.522,237.86,136.76,101.1,201.52,0.257,6,1779.15,232.64,350.59,0.173,0,12
C10703,1068.955735044553,0.789,231.9,128.31,103.59,110.8,0.252,4,5498.2,11.38,268.76,0.135,0,8
C10704,866.6623269439376,0.665,204.96,127.95,77.01,360.69,0.258,6,3276.33,296.62,656.875,0.169,0,8
C10705,1272.3959621222689,0.563,54.81,17.42,37.39,119.34,0.392,9,3402.35,469.13,206.69,0.047,0,10
C10706,961.3098252148689,0.512,62.76,26.27,36.49,105.97,0.373,3,3497.23,692.04,133.39,0.257,0,10
C10707,413.3192437189361,0.692,375.48,154.72,220.76,110.62,0.149,3,3495.14,546.87,490.32,0.273,1,11
C10708,481.5743449117464,0.497,251.79,90.24,161.55,36.22,0.211,8,2378.53,606.88,361.05,0.135,1,9
C10709,841.1669562092949,0.469,203.87,84.74,119.13,94.22,0.227,6,5112.52,320.62,310.37,0.084,0,6
C10710,0.0,0.612,316.51,134.17,182.34,212.78,0.208,1,2714.81,485.85,656.875,0.042,0,9
C10711,1469.3767542491942,0.516,265.2,134.92,130.28,111.4,0.34,7,3957.52,513.1,204.84,0.205,0,11
C10712,976.6986945510228,0.652,131.06,74.11,56.95,20.65,0.257,5,2525.07,348.86,152.47,0.094,0,7
C10713,1290.813838819549,0.447,619.15,280.13,339.02,7.49,0.272,7,2347.73,286.09,262.76,0.273,0,8
C10714,167.7584236763324,0.662,361.11,212.26,148.86,54.98,0.356,5,4901.86,454.66,157.27,0.201,1,9
C10715,1297.8260641421025,0.513,269.06,116.9,152.16,107.39,0.342,2,2891.63,632.25,182.97,0.194,1,12
C10716,1692.5995644110994,0.4,172.96,71.97,100.99,219.36,0.14,6,2965.89,319.01,159.88,0.168,1,8
C10717,271.64865784907295,0.451,392.91,202.93,189.98,0.0,0.314,7,3283.62,458.36,226.02,0.014,0,8
C10718,1108.5607179615067,0.773,131.86,40.81,91.05,68.02,0.231,5,5601.77,771.0,257.14,0.28,0,9
C10719,800.4439778749172,0.747,119.23,39.58,79.66,114.43,0.188,6,5168.76,396.13,228.67,0.188,0,9
C10720,182.2264607007024,0.493,504.0,235.46,268.54,0.0,0.115,5,4283.78,501.46,403.29,0.298,0,12
C10721,997.153588740748,0.711,254.6,172.41,82.19,16.64,0.246,6,5853.62,478.86,331.11,0.161,0,12
C10722,1133.4412819349393,0.643,135.5,79.75,55.74,32.01,0.207,3,2055.42,462.44,171.7,0.213,0,10
C10723,559.5493789324613,0.788,250.85,84.1,166.75,20.4,0.175,4,3655.88,833.7,282.56,0.017,0,11
C10724,1266.3666081020892,0.549,377.53,241.06,136.47,119.19,0.308,5,3075.82,561.15,179.93,0.19,0,11
C10725,133.29463728432094,0.673,343.19,203.48,139.7,83.94,0.331,8,1230.91,185.96,210.49,0.229,0,12
C10726,202.0975414201423,0.425,396.14,215.65,180.49,44.47,0.173,10,3463.1,805.68,297.92,0.234,1,6
C10727,854.6389582355009,0.558,62.57,39.3,23.27,142.8,0.115,5,2509.17,554.96,316.56,0.231,0,12
C10728,810.1541111889087,0.786,392.37,181.14,211.24,272.31,0.355,3,6162.245000000001,425.29,191.26,0.068,0,10
C10729,513.3706046303579,0.616,223.14,86.71,136.43,263.93,0.103,7,2604.98,769.89,139.51,0.293,0,6
C10730,1123.8377743887545,0.515,263.37,132.95,130.42,0.0,0.381,2,2548.11,344.26,258.77,0.299,0,9
C10731,1012.3577256863796,0.448,431.42,224.14,207.28,157.71,0.288,6,4533.07,843.14,293.46,0.023,0,11
C10732,1143.2556283736064,0.681,355.41,183.15,172.26,82.2,0.197,6,2934.55,518.66,186.17,0.281,0,11
C10733,750.745425859093,0.658,302.66,159.21,143.45,115.52,0.174,6,4162.88,701.11,331.66,0.087,0,6
C10734,1041.0321071913363,0.55,0.0,0.0,0.0,60.17,0.103,5,3424.36,1113.5,313.93,0.207,0,7
C10735,621.7398787880021,0.78,243.17,160.71,82.46,111.76,0.171,0,3437.77,536.02,184.71,0.101,1,10
C10736,1621.5274760346383,0.409,132.3,86.03,46.27,115.14,0.141,6,2755.95,480.63,363.02,0.29,1,10
C10737,474.9816919512058,0.521,356.66,221.33,135.33,42.1,0.284,4,3502.21,286.59,366.07,0.03,0,10
C10738,1642.1189717833247,0.768,398.64,270.03,128.61,10.36,0.15,6,2868.51,475.89,456.77,0.149,0,11
C10739,813.9551788357634,0.528,204.7,69.47,135.22,55.13,0.259,3,2196.2,292.77,421.18,0.128,1,8
C10740,249.79564417250293,0.501,149.94,60.88,89.06,123.43,0.277,6,2895.75,462.61,656.875,0.098,0,11
C10741,1347.2317401954404,0.614,483.45,240.77,242.68,159.9,0.189,3,4287.83,1078.94,342.5,0.194,0,8
C10742,850.3605553579836,0.73,159.53,101.88,57.65,185.33,0.111,5,3536.01,523.92,337.96,0.039,1,11
C10743,1140.4496393520951,0.441,70.82,35.56,35.26,50.58,0.111,2,3768.44,389.26,215.15,0.215,0,9
C10744,1289.5423674170372,0.777,125.1,74.96,50.14,128.38,0.108,4,3001.47,458.06,295.49,0.294,1,11
C10745,2361.406262279878,0.718,166.75,59.29,107.46,196.25,0.322,7,1062.21,417.63,62.24,0.241,0,9
C10746,563.1036620748741,0.473,120.8,48.43,72.36,216.56,0.195,6,1778.57,709.68,59.46,0.258,0,8
C10747,1190.2853510677,0.685,376.81,223.34,153.47,94.12,0.339,7,2710.99,481.96,78.54,0.108,1,10
C10748,800.3022029818383,0.554,0.0,0.0,0.0,77.91,0.23,6,1864.94,821.78,288.93,0.097,0,8
C10749,1074.3431274433676,0.561,117.62,51.81,65.8,119.11,0.236,2,2475.64,436.78,293.65,0.155,0,6
C10750,0.0,0.713,242.88,98.59,144.28,0.0,0.254,0,2439.45,449.68,222.61,0.014,0,10
C10751,978.7926868039408,0.785,281.54,123.86,157.68,80.64,0.314,4,2469.59,320.64,422.12,0.284,1,11
C10752,544.565669941988,0.451,503.78,293.87,209.91,174.46,0.182,5,4437.17,423.32,348.71,0.043,0,11
C10753,1461.323854871412,0.568,481.79,215.43,266.36,164.19,0.136,2,2947.02,153.29,90.17,0.271,0,11
C10754,1049.234939155638,0.592,9.89,5.16,4.73,72.97,0.267,3,3934.67,74.04,232.8,0.025,0,11
C10755,895.9430983397186,0.551,0.0,0.0,0.0,121.77,0.198,6,3163.94,624.93,156.03,0.247,0,11
C10756,994.5239973400886,0.545,253.75,157.83,95.91,17.53,0.233,9,4415.75,150.91,291.4,0.046,0,8
C10757,400.6236588493127,0.421,149.02,66.76,82.27,170.35,0.294,6,4020.98,581.19,246.94,0.011,0,12
C10758,1449.3026762112215,0.674,71.2,39.83,31.37,92.22,0.248,4,2408.48,399.9,161.7,0.216,1,9
C10759,2361.406262279878,0.574,252.42,148.97,103.45,72.4,0.286,2,4961.63,687.91,419.45,0.084,0,12
C10760,957.1654042192864,0.478,284.6,109.25,175.36,63.83,0.263,6,2545.48,155.32,255.74,0.214,0,8
C10761,1436.1614274294554,0.726,124.15,81.18,42.97,93.71,0.322,7,3200.0,619.65,208.4,0.167,0,7
C10762,572.3407205309865,0.721,156.39,85.46,70.92,55.21,0.312,2,3377.03,566.32,224.69,0.033,1,12
C10763,481.1545735100077,0.595,135.69,63.98,71.72,165.81,0.26,6,3488.36,572.5,411.87,0.28,0,8
C10764,816.3698994915692,0.519,188.28,70.21,118.06,60.47,0.304,8,3796.18,724.78,341.13,0.136,0,10
C10765,973.9764153471594,0.655,331.22,224.21,107.01,259.3,0.362,4,2243.22,514.06,233.76,0.22,1,11
C10766,642.4053275027518,0.515,88.31,53.17,35.15,246.52,0.23,6,3712.34,10.43,150.79,0.15,0,8
C10767,1015.1072761473936,0.494,153.9,58.97,94.92,10.85,0.224,6,3581.15,589.82,166.38,0.181,0,12
C10768,922.5557928293656,0.692,190.11,82.71,107.39,106.97,0.329,1,3000.47,563.93,201.79,0.091,0,9
C10769,400.677289883578,0.416,248.99,155.34,93.65,34.93,0.275,7,2810.26,451.07,300.72,0.06,0,12
C10770,1007.5172069806885,0.438,291.4,168.51,122.89,67.34,0.121,6,2191.9,331.65,325.65,0.163,0,11
C10771,1145.4112970086085,0.403,556.34,337.32,219.02,300.24,0.368,5,3480.35,427.82,177.45,0.132,1,12
C10772,868.5877270361564,0.461,335.82,160.01,175.81,69.24,0.109,3,2339.53,791.61,330.08,0.117,1,6
C10773,1261.059241304677,0.428,339.39,199.08,140.31,136.02,0.325,7,3237.88,316.02,159.14,0.202,0,7
C10774,313.03848260121924,0.798,210.01,95.47,114.54,154.13,0.328,4,2898.67,151.92,188.82,0.207,0,10
C10775,987.1801688527408,0.516,103.02,39.61,63.41,0.0,0.386,2,1665.84,206.35,105.05,0.014,0,9
C10776,331.8877174412901,0.46,170.77,94.45,76.32,14.49,0.116,7,2066.56,492.94,102.07,0.102,0,7
C10777,354.367456706765,0.496,143.45,99.04,44.41,0.0,0.279,5,3404.78,834.17,158.06,0.124,0,8
C10778,547.627666504884,0.774,308.83,131.02,177.81,11.4,0.228,8,2475.68,940.97,247.43,0.029,1,7
C10779,423.175926570302,0.608,2.31,1.12,1.19,0.0,0.199,7,2441.58,630.05,150.6,0.071,0,11
C10780,580.8016725035449,0.546,338.88,193.03,145.85,154.46,0.127,5,2236.05,303.75,399.81,0.015,0,11
C10781,714.3398757155245,0.749,232.41,120.07,112.35,305.42,0.269,4,2269.99,324.98,156.75,0.299,0,6
C10782,1134.861794532554,0.558,360.0,229.46,130.55,114.78,0.244,3,4642.67,675.17,268.39,0.221,0,7
C10783,671.5363845177191,0.534,141.41,85.51,55.9,0.0,0.131,9,1880.06,766.33,382.02,0.026,0,12
C10784,165.74971729216293,0.483,114.79,37.12,77.68,35.72,0.284,4,4472.9,371.6,259.25,0.006,0,7
C10785,1256.027138598064,0.551,189.0,132.18,56.82,54.11,0.321,8,2669.27,784.89,656.875,0.216,0,11
C10786,465.16394655398415,0.527,185.4,111.42,73.98,0.0,0.33,4,2346.25,454.09,264.7,0.132,0,8
C10787,776.5118291581485,0.671,370.95,239.47,131.48,186.02,0.372,2,3383.82,642.86,193.83,0.236,0,8
C10788,978.6146027762846,0.516,369.52,207.11,162.41,181.03,0.223,2,3053.04,729.09,149.92,0.277,0,10
C10789,879.8441673611131,0.631,535.75,344.23,191.52,0.0,0.386,5,2802.5,203.65,311.27,0.18,1,12
C10790,1237.67181900859,0.426,175.68,60.6,115.08,172.51,0.36,8,3219.88,590.29,191.69,0.056,1,12
C10791,991.6012573571036,0.477,0.0,0.0,0.0,252.68,0.189,5,3037.2,785.73,343.68,0.235,0,8
C10792,455.4761681211568,0.563,188.59,122.69,65.9,290.26,0.148,6,2784.4,387.87,329.63,0.287,0,7
C10793,1671.4248695966648,0.775,284.6,108.34,176.26,386.52,0.231,3,6162.245000000001,288.68,266.63,0.174,1,6
C10794,877.7333853352933,0.551,357.18,118.33,238.85,9.8,0.221,5,1553.02,598.96,656.875,0.205,0,8
C10795,741.0639093513975,0.666,295.54,181.83,113.71,382.42,0.273,8,2085.34,526.69,195.59,0.101,0,12
C10796,1185.5701692222283,0.502,175.56,111.34,64.22,64.58,0.275,4,2211.78,434.54,328.38,0.114,0,12
C10797,899.7803783720288,0.451,507.12,185.13,321.99,40.75,0.325,5,1942.06,499.56,327.86,0.22,0,11
C10798,959.6912771757308,0.423,94.94,60.93,34.01,132.71,0.253,1,3085.93,165.94,219.86,0.278,0,11
C10799,1796.8735994402748,0.522,208.8,120.0,88.8,41.79,0.131,5,3505.42,580.9,207.03,0.189,0,10
C10800,689.9514286979813,0.463,88.01,44.71,43.3,139.9,0.357,6,1037.47,818.52,282.9,0.237,1,10
C10801,672.8956423930417,0.47,252.94,159.88,93.06,0.0,0.193,3,2525.95,357.06,446.82,0.051,0,7
C10802,846.6314048049856,0.704,488.35,228.4,259.95,76.12,0.391,6,2678.34,334.32,226.78,0.064,0,8
C10803,1228.6063742324154,0.406,228.86,86.42,142.44,228.56,0.135,5,2714.14,534.51,204.92,0.16,1,8
C10804,197.38638792384037,0.623,229.78,95.12,134.66,94.29,0.387,5,1714.91,1069.18,367.84,0.053,0,10
C10805,13.77764340939791,0.552,0.0,0.0,0.0,114.16,0.127,6,2686.68,719.98,256.81,0.19,1,8
C10806,565.1538917519409,0.603,206.95,106.07,100.88,147.53,0.169,6,2088.88,481.17,336.6,0.087,1,7
C10807,146.43081637628512,0.625,422.57,262.94,159.63,217.07,0.114,7,2665.62,507.92,397.46,0.237,0,6
C10808,630.0674609897446,0.525,212.46,130.99,81.47,0.0,0.312,6,1280.37,739.77,59.3,0.242,1,11
C10809,1000.999878451716,0.518,202.33,107.75,94.58,158.45,0.355,5,2672.44,318.12,246.24,0.139,0,7
C10810,443.70045457909464,0.693,415.86,254.64,161.22,73.19,0.23,6,2280.97,622.35,227.02,0.054,0,8
C10811,229.26936928746304,0.749,202.97,76.46,126.51,116.66,0.379,6,2737.52,276.51,153.77,0.194,0,7
C10812,827.7348646861392,0.477,443.81,142.03,301.78,206.0,0.277,5,3300.79,684.98,58.14,0.298,0,11
C10813,1145.0173938460682,0.439,57.3,37.22,20.09,0.0,0.289,10,2955.26,441.21,90.85,0.187,1,9
C10814,122.01062459335496,0.759,351.68,116.13,235.55,0.0,0.354,4,3793.4,540.14,260.44,0.011,0,12
C10815,1128.0929593223937,0.54,496.95,198.12,298.83,0.0,0.189,8,2639.23,428.22,196.6,0.005,0,11
C10816,1126.9224814953304,0.621,401.18,231.93,169.25,45.08,0.206,6,3618.88,639.74,169.82,0.096,0,12
C10817,1181.634040862651,0.544,0.0,0.0,0.0,233.04,0.372,4,4124.99,465.06,259.44,0.059,0,11
C10818,1287.3920859486743,0.45,154.25,100.35,53.91,87.94,0.37,5,3273.76,931.59,180.79,0.244,0,9
C10819,1680.8055698638464,0.636,213.71,89.58,124.12,0.0,0.393,4,2979.2,783.77,379.02,0.253,0,8
C10820,657.563180552378,0.61,401.49,122.35,279.14,51.43,0.371,6,3414.36,239.14,187.91,0.078,1,8
C10821,843.8286320311432,0.481,50.26,21.12,29.14,0.0,0.138,2,3309.08,538.29,400.53,0.098,0,6
C10822,633.4246267007898,0.581,97.16,51.61,45.55,0.0,0.347,2,4001.24,647.03,247.0,0.071,0,11
C10823,800.7907379023243,0.719,9.23,4.16,5.07,138.88,0.223,9,3793.8,408.37,184.81,0.273,0,7
C10824,1413.1493422545248,0.636,126.13,64.82,61.31,0.0,0.397,1,3805.83,742.5,177.54,0.151,0,6
C10825,261.9942064277325,0.439,62.26,40.51,21.75,211.26,0.242,3,3044.03,718.93,401.38,0.197,0,8
C10826,455.5801311337698,0.619,489.69,325.64,164.05,92.89,0.266,4,3341.23,483.29,319.58,0.125,0,8
C10827,1350.8723746018245,0.681,152.89,62.13,90.76,108.56,0.259,3,3322.53,696.24,174.06,0.189,0,10
C10828,1208.014602760836,0.717,353.64,171.46,182.17,72.16,0.197,2,1792.62,17.87,261.91,0.116,0,6
C10829,654.7473412731688,0.652,252.7,131.32,121.38,177.28,0.123,6,4068.92,771.52,14.13,0.102,0,8
C10830,2361.406262279878,0.461,250.59,170.32,80.28,178.32,0.369,2,1330.71,677.3,116.84,0.19,0,9
C10831,936.4863369968132,0.684,161.28,112.81,48.47,133.51,0.341,7,3712.19,282.46,174.97,0.177,0,12
C10832,1400.1098436003952,0.671,365.5,144.07,221.44,156.48,0.142,10,3267.0,550.38,172.52,0.088,0,10
C10833,829.8038375307091,0.41,273.15,161.38,111.78,78.79,0.333,1,6162.245000000001,94.74,371.3,0.045,0,7
C10834,1210.2528455490328,0.565,264.51,119.35,145.16,154.22,0.288,2,3391.19,347.32,58.58,0.111,1,12
C10835,1856.804764197048,0.533,160.99,48.82,112.17,66.21,0.223,4,3418.57,719.13,107.22,0.125,0,10
C10836,1039.2396620189866,0.668,185.53,56.35,129.19,100.22,0.176,4,1692.2,497.43,295.24,0.189,0,11
C10837,819.7312663179374,0.486,338.34,163.83,174.51,72.54,0.358,8,4416.13,486.36,273.03,0.274,0,11
C10838,1088.978794088392,0.636,284.51,140.93,143.58,54.28,0.31,6,3072.14,509.05,215.02,0.011,0,7
C10839,653.887656718446,0.765,268.52,82.98,185.54,31.09,0.264,2,5314.73,485.71,455.25,0.073,0,9
C10840,1755.1870822098929,0.719,136.89,78.68,58.21,146.77,0.283,6,3789.77,697.5,311.74,0.058,1,7
C10841,872.0284150783926,0.769,541.62,226.18,315.44,231.06,0.127,8,3049.4,376.2,372.28,0.151,1,6
C10842,690.8266719097949,0.791,178.04,93.29,84.76,217.11,0.242,8,2309.96,583.87,244.92,0.129,1,12
C10843,465.7243979919854,0.404,245.46,103.18,142.28,0.0,0.158,2,2889.16,271.08,195.64,0.219,1,7
C10844,1238.8880766425757,0.649,221.94,81.42,140.52,228.92,0.163,5,3149.83,648.22,196.79,0.073,0,7
C10845,1146.8749651310957,0.565,543.21,251.43,291.77,68.18,0.298,4,4465.43,435.73,342.77,0.178,0,10
C10846,601.0582514343627,0.744,206.38,81.09,125.29,160.07,0.373,3,4226.66,491.8,327.27,0.265,0,9
C10847,1030.5805380489692,0.501,192.65,99.01,93.64,9.38,0.221,8,3451.49,427.57,228.14,0.273,1,7
C10848,196.57761271485745,0.792,267.75,101.62,166.13,114.2,0.162,3,4769.19,452.87,297.16,0.288,0,6
C10849,873.9882300292625,0.645,145.97,73.48,72.49,131.37,0.295,7,6162.245000000001,299.05,346.26,0.232,0,10
C10850,981.1025408306778,0.717,266.74,96.81,169.93,0.0,0.361,2,3462.79,565.85,193.61,0.272,0,9
C10851,1482.9319238236892,0.434,605.74,344.3,261.44,160.83,0.324,1,4255.65,610.93,215.66,0.07,1,9
C10852,491.6724789085242,0.473,294.95,177.44,117.52,234.59,0.361,5,3547.44,233.87,294.66,0.059,0,8
C10853,288.65894847907026,0.703,289.49,99.63,189.86,82.54,0.261,4,1667.19,380.72,71.13,0.002,0,11
C10854,441.8288156299833,0.409,142.31,69.32,72.99,236.02,0.326,4,4389.44,506.0,296.56,0.212,1,12
C10855,265.37259987403206,0.727,506.38,166.27,340.11,81.03,0.142,4,3761.35,380.27,137.5,0.281,0,6
C10856,1334.6629431035933,0.406,540.85,291.67,249.19,184.96,0.204,3,3343.01,455.44,344.17,0.056,1,11
C10857,1419.4557180096149,0.663,377.9,153.34,224.56,0.0,0.217,0,3088.36,823.22,464.78,0.191,0,10
C10858,928.0866311795317,0.546,348.07,177.88,170.19,341.88,0.253,2,4993.7,296.37,180.28,0.224,0,10
C10859,1288.5179782740593,0.645,214.79,108.89,105.89,249.55,0.379,3,3444.52,37.56,115.04,0.278,1,6
C10860,853.5833522320942,0.678,308.7,206.75,101.95,71.54,0.362,4,2758.08,380.25,232.01,0.194,0,9
C10861,761.9553409196936,0.537,124.73,64.81,59.91,0.0,0.14,2,2188.62,434.37,223.47,0.291,0,7
C10862,666.7849523784953,0.443,81.08,43.23,37.85,128.8,0.152,6,3757.53,402.0,316.07,0.103,0,6
C10863,675.8436034489738,0.428,26.9,12.39,14.51,0.0,0.207,5,3986.23,553.76,273.41,0.105,0,10
C10864,180.8793774763875,0.636,311.6,211.77,99.83,144.49,0.187,1,3056.52,294.38,220.37,0.163,0,11
C10865,905.7019054429356,0.608,43.24,26.42,16.83,141.16,0.284,8,2442.22,264.94,259.06,0.115,0,12
C10866,783.8664359143826,0.697,175.05,72.5,102.55,5.86,0.371,6,4330.06,365.1,137.78,0.0,0,6
C10867,1098.1442896311503,0.604,240.82,153.56,87.25,212.1,0.389,1,2112.58,369.23,656.875,0.22,1,9
C10868,837.4093985754439,0.569,399.29,188.85,210.44,180.56,0.296,9,4969.45,924.17,656.875,0.226,0,12
C10869,734.9185193723633,0.559,163.27,103.1,60.17,197.58,0.351,3,2265.47,810.49,130.24,0.224,0,12
C10870,451.52278799694784,0.411,416.99,262.35,154.64,100.89,0.258,9,1721.7,166.09,92.07,0.104,0,12
C10871,828.8612947287045,0.534,390.87,146.79,244.08,0.0,0.162,4,1849.63,114.04,209.79,0.157,0,8
C10872,1095.2948923264648,0.79,89.3,51.84,37.47,197.79,0.257,3,1890.28,482.85,127.85,0.108,1,12
C10873,342.6644035664557,0.749,418.42,174.17,244.25,72.96,0.267,7,2763.4,882.32,122.38,0.005,0,8
C10874,834.9895014722957,0.532,207.46,86.93,120.54,0.0,0.323,5,2531.83,633.22,109.8,0.169,1,7
C10875,893.2171806117935,0.635,175.16,73.31,101.85,235.2,0.166,6,4024.64,493.42,230.64,0.037,0,7
C10876,512.7740865526943,0.739,208.1,122.82,85.27,309.94,0.21,3,3882.07,408.79,208.86,0.024,0,12
C10877,564.8574780367999,0.577,249.47,97.78,151.7,95.88,0.209,7,2776.49,715.43,287.33,0.227,0,9
C10878,892.2443395064857,0.407,187.74,56.39,131.35,315.91,0.388,5,6103.38,535.6,193.7,0.003,0,11
C10879,346.6315926829508,0.43,124.05,72.7,51.34,109.13,0.233,8,2763.24,846.35,128.34,0.288,0,7
C10880,939.969486099757,0.604,137.31,50.6,86.72,61.95,0.327,7,2896.48,162.46,248.31,0.155,0,8
C10881,441.85825053632,0.788,270.84,92.57,178.27,36.95,0.325,3,1722.58,584.73,144.14,0.295,0,9
C10882,1225.1414772132866,0.677,225.93,89.24,136.69,263.71,0.18,5,2919.46,387.34,301.22,0.017,1,12
C10883,1735.13109815532,0.428,329.1,148.74,180.36,21.99,0.272,9,3297.4,582.86,83.38,0.175,0,9
C10884,455.6972793192721,0.476,257.85,126.44,131.41,173.53,0.368,5,1815.78,550.17,33.51,0.105,0,9
C10885,1013.68314494987,0.709,261.55,83.13,178.42,44.08,0.243,6,2501.31,601.93,89.02,0.253,0,6
C10886,509.3032380471923,0.737,338.92,233.26,105.67,53.97,0.384,4,3327.01,695.52,208.17,0.108,0,11
C10887,1216.3816695191158,0.647,462.84,271.42,191.42,203.02,0.164,6,2475.16,777.96,221.29,0.078,1,12
C10888,293.8966363659139,0.658,468.85,201.27,267.59,62.0,0.122,6,2265.84,890.34,263.69,0.257,0,11
C10889,992.2347033710852,0.411,451.06,192.82,258.24,59.52,0.367,5,3782.13,503.16,193.53,0.112,0,7
C10890,450.8044132442589,0.731,380.57,182.45,198.12,213.28,0.354,6,1717.89,391.53,165.35,0.005,0,11
C10891,717.2061643606525,0.715,562.81,309.83,252.98,259.74,0.398,4,1912.08,254.84,393.33,0.117,0,10
C10892,387.5898899410772,0.504,315.67,113.18,202.49,164.47,0.304,4,3177.38,586.98,366.89,0.196,0,8
C10893,1128.9401883583014,0.683,298.83,112.23,186.6,34.52,0.381,7,3846.16,666.98,348.62,0.076,0,7
C10894,465.2078582241652,0.486,586.59,377.63,208.96,48.94,0.348,7,3305.52,230.31,280.89,0.13,1,12
C10895,1020.785703732731,0.416,0.0,0.0,0.0,107.99,0.353,5,2776.11,728.93,288.85,0.017,0,11
C10896,662.3607886950668,0.48,217.92,98.51,119.4,132.09,0.271,3,2694.61,479.73,169.48,0.176,0,8
C10897,754.2110512804549,0.471,437.87,283.97,153.91,1.21,0.215,3,4010.44,248.84,264.44,0.227,0,12
C10898,859.1023629600514,0.535,397.04,224.43,172.61,172.3,0.38,3,3859.0,330.34,156.01,0.124,0,12
C10899,495.2701313364605,0.567,634.85,277.23,357.62,108.55,0.23,2,3049.85,311.35,144.67,0.126,1,7
C10900,884.1468454163547,0.603,266.12,152.62,113.51,0.0,0.262,6,2722.38,314.91,88.25,0.026,1,10
C10901,1412.1338257417644,0.591,185.38,57.07,128.3,7.11,0.234,3,3035.27,613.98,290.61,0.061,0,8
C10902,488.7620856669143,0.508,200.19,118.96,81.22,49.59,0.269,3,2272.8,672.77,266.37,0.046,0,10
C10903,1268.724057309538,0.412,297.71,147.31,150.4,92.71,0.241,11,2849.82,839.83,219.71,0.145,0,8
C10904,1399.2390533951136,0.642,493.25,308.41,184.83,288.93,0.114,4,2510.46,360.36,206.62,0.159,0,6
C10905,473.5380043887824,0.558,495.12,337.6,157.52,123.82,0.365,10,2899.16,568.59,66.99,0.285,0,12
C10906,217.9781579637793,0.519,241.6,161.95,79.65,15.92,0.233,8,2546.32,370.59,275.64,0.022,1,6
C10907,920.7843600687058,0.747,287.95,191.11,96.84,122.06,0.277,3,3523.95,504.02,218.45,0.18,0,8
C10908,581.0369908932508,0.699,158.26,79.9,78.36,64.79,0.142,7,3818.41,203.92,339.6,0.158,0,8
C10909,1547.441287665201,0.743,173.92,77.23,96.69,132.48,0.101,5,2620.28,275.36,264.62,0.155,1,10
C10910,813.9230161999329,0.598,406.94,197.78,209.16,158.06,0.174,3,2188.12,660.61,320.58,0.262,0,12
C10911,479.12023678592834,0.452,490.33,282.41,207.92,220.92,0.311,5,3711.62,203.31,249.28,0.062,1,11
C10912,341.1361955953154,0.678,145.41,95.04,50.37,97.57,0.13,6,6162.245000000001,622.97,268.17,0.012,0,12
C10913,1235.961983636332,0.482,286.44,109.65,176.79,263.9,0.373,5,2633.26,364.77,343.11,0.202,1,9
C10914,571.5264103663254,0.576,213.54,142.49,71.05,190.8,0.165,5,4375.55,114.89,230.76,0.104,0,8
C10915,2361.406262279878,0.426,379.58,237.64,141.94,29.26,0.161,2,2434.97,0.0,297.19,0.005,0,7
C10916,1182.3210980449924,0.73,191.72,132.58,59.14,320.99,0.154,6,1007.06,792.69,205.65,0.075,0,7
C10917,606.2966592276679,0.45,0.0,0.0,0.0,132.7,0.104,5,2292.04,118.92,236.89,0.093,0,7
C10918,781.6284685039358,0.761,400.55,165.02,235.54,16.49,0.332,4,4618.38,487.13,409.35,0.185,0,6
C10919,793.3726360709919,0.746,204.48,70.01,134.47,265.29,0.363,7,2682.3,570.79,314.05,0.052,1,11
C10920,1073.3298046064367,0.586,220.08,75.91,144.18,307.78,0.284,5,2484.56,237.36,195.85,0.124,1,10
C10921,1036.2977342041304,0.698,315.34,131.33,184.0,96.7,0.156,6,3026.6,389.29,292.29,0.145,0,11
C10922,711.9545074980686,0.648,302.93,165.3,137.63,49.63,0.186,6,4011.06,595.76,122.0,0.138,0,6
C10923,825.4596245986071,0.721,318.42,197.97,120.45,82.76,0.243,6,2917.1,558.66,227.88,0.292,0,11
C10924,651.2883953906045,0.573,5.54,3.65,1.89,171.47,0.386,3,3591.35,407.88,154.66,0.014,0,11
C10925,2361.406262279878,0.714,333.45,183.23,150.22,227.79,0.174,5,2810.73,547.38,295.19,0.285,0,12
C10926,903.0403429592518,0.585,0.0,0.0,0.0,157.05,0.319,4,3599.21,479.55,231.11,0.175,1,7
C10927,1556.876704333227,0.776,365.43,136.87,228.57,110.17,0.232,8,6162.245000000001,305.92,278.35,0.239,0,8
C10928,446.5123437235749,0.595,417.76,141.99,275.77,249.8,0.189,3,2602.01,740.1,327.42,0.129,0,7
C10929,490.7881161589188,0.585,44.72,19.92,24.81,68.72,0.237,2,3258.09,541.48,656.875,0.136,0,11
C10930,451.7088913425034,0.714,299.26,149.79,149.47,203.09,0.121,1,2457.49,131.59,207.55,0.264,0,8
C10931,1089.836711489249,0.729,408.58,129.67,278.91,71.19,0.34,7,1621.81,604.33,246.3,0.269,0,12
C10932,979.394181678576,0.622,182.65,80.25,102.39,143.1,0.173,3,2980.11,376.9,163.95,0.072,0,10
C10933,736.5849230334173,0.472,351.05,130.47,220.57,88.64,0.318,2,1710.63,442.11,248.88,0.06,0,9
C10934,432.7923753444138,0.587,0.0,0.0,0.0,94.41,0.121,4,3597.43,501.64,254.16,0.149,0,8
C10935,836.9507166559697,0.787,414.73,201.44,213.29,62.26,0.387,6,2962.51,341.41,272.89,0.27,0,6
C10936,174.15114906567828,0.701,254.5,126.77,127.73,234.49,0.158,2,4423.29,860.61,656.875,0.097,0,7
C10937,857.3706267429973,0.724,211.33,99.55,111.78,26.71,0.365,7,2669.76,201.34,89.69,0.196,0,12
C10938,1148.6097544351735,0.413,397.61,271.33,126.28,25.98,0.343,4,2979.97,511.34,121.49,0.212,0,12
C10939,299.52034534652887,0.587,509.39,196.57,312.82,312.1,0.39,10,1530.37,576.27,133.28,0.234,1,7
C10940,186.99268926813457,0.659,322.86,163.58,159.28,197.78,0.243,8,1895.91,508.24,259.26,0.169,0,11
C10941,1431.775156677944,0.732,491.31,292.04,199.27,0.0,0.318,6,1321.28,461.8,221.56,0.121,0,11
C10942,555.2961441981661,0.42,17.01,8.89,8.12,43.47,0.211,7,4077.49,424.6,23.23,0.29,0,11
C10943,1254.3791383775288,0.741,349.89,234.99,114.9,0.0,0.155,3,2540.45,339.36,444.7,0.183,0,12
C10944,738.4009339208674,0.619,230.2,103.86,126.34,4.93,0.233,4,4327.08,335.82,51.1,0.219,0,11
C10945,735.2180732234691,0.479,131.77,63.97,67.8,0.0,0.15,8,500.0,731.71,253.04,0.103,0,7
C10946,975.365079798658,0.527,0.0,0.0,0.0,86.3,0.395,5,4548.07,411.65,306.34,0.201,0,8
C10947,446.4004573014237,0.513,341.77,185.78,155.98,0.0,0.129,4,2931.98,926.44,178.02,0.077,1,10
C10948,852.9988573982582,0.612,381.29,158.35,222.95,105.99,0.277,4,3339.85,633.79,314.0,0.074,1,8
C10949,647.4042340703629,0.421,451.3,164.33,286.97,0.0,0.288,5,1937.06,0.0,149.18,0.214,0,6
C10950,271.8026226379875,0.463,426.47,220.83,205.64,108.29,0.261,5,3527.29,676.65,267.11,0.156,0,7
C10951,934.9928298905596,0.725,134.24,68.86,65.39,58.51,0.299,4,2626.09,489.37,31.95,0.205,1,8
C10952,694.6768772488335,0.453,443.61,146.54,297.06,250.2,0.135,3,1806.05,222.01,367.32,0.081,0,7
C10953,737.1900686221169,0.493,459.45,266.15,193.3,241.14,0.267,6,1792.33,760.85,250.09,0.18,0,12
C10954,315.9356226343369,0.581,211.0,115.95,95.05,178.53,0.186,8,1774.65,412.82,90.53,0.133,1,6
C10955,1436.5601471051216,0.607,254.26,95.5,158.76,67.34,0.382,5,3380.24,395.81,312.88,0.179,1,12
C10956,1150.6856745544465,0.705,109.88,53.6,56.28,298.54,0.329,5,2364.37,575.04,413.22,0.087,0,9
C10957,1185.6623536687914,0.579,472.13,277.68,194.46,0.0,0.392,3,1359.91,728.57,157.36,0.215,0,9
C10958,677.8221190233272,0.716,23.23,11.89,11.34,0.0,0.111,5,3369.3,522.68,228.98,0.242,0,9
C10959,108.3268441986319,0.647,330.25,151.32,178.93,91.62,0.186,5,827.27,508.36,198.52,0.078,1,7
C10960,1581.1669529958042,0.445,160.48,68.83,91.64,325.4,0.159,10,4329.07,360.63,172.98,0.09,1,8
C10961,775.5609967976527,0.463,83.82,45.61,38.21,79.77,0.103,4,4986.41,725.15,162.44,0.198,0,7
C10962,500.4800815919785,0.575,0.0,0.0,0.0,81.68,0.173,4,1687.58,524.61,185.35,0.209,0,12
C10963,966.7206297932456,0.559,217.69,123.8,93.89,0.0,0.304,9,4052.45,454.91,190.76,0.211,0,10
C10964,1266.8483152013189,0.697,60.31,19.9,40.42,194.59,0.169,5,3349.1,430.1,214.35,0.205,0,12
C10965,790.7797775658136,0.632,258.46,125.17,133.3,195.32,0.253,4,2499.96,705.37,207.09,0.118,1,8
C10966,1311.43006717575,0.555,515.4,338.27,177.13,178.91,0.366,2,2546.63,447.54,326.12,0.118,0,12
C10967,1233.1999754067474,0.468,279.93,94.55,185.37,37.08,0.308,4,3654.48,705.88,317.19,0.076,0,12
C10968,369.4475250391766,0.491,549.59,382.27,167.32,29.33,0.218,4,2960.05,405.69,96.65,0.047,0,6
C10969,530.4839577362094,0.63,102.66,69.77,32.89,0.0,0.212,5,500.0,644.46,190.64,0.208,0,11
C10970,1183.014865311907,0.569,57.86,19.17,38.69,108.39,0.237,2,5073.01,541.42,375.06,0.028,0,9
C10971,0.0,0.606,95.95,64.61,31.34,0.0,0.153,8,3433.17,309.85,279.4,0.281,0,8
C10972,740.2177227340045,0.468,240.23,106.97,133.27,0.0,0.29,3,2947.99,482.6,283.45,0.248,1,8
C10973,227.66751935013127,0.665,658.44,420.01,238.43,57.63,0.209,5,2281.58,61.88,273.9,0.257,0,9
C10974,609.3784794265902,0.741,0.68,0.32,0.36,51.08,0.356,4,2811.04,351.19,223.83,0.272,1,12
C10975,680.4719643883184,0.503,342.95,163.36,179.59,46.2,0.327,5,4269.19,184.44,245.9,0.123,0,6
C10976,2361.406262279878,0.999,763.28,207.39,555.89,5668.74,0.474,3,9062.86,2159.98,2018.5,0.022,1,11
C10977,3644.881101705849,0.86,261.47,72.45,189.02,4774.69,0.238,7,6649.61,4971.08,1200.49,0.039,1,9
C10978,5029.106051299064,0.848,273.87,80.01,193.87,3996.53,0.371,13,6742.03,4508.21,1048.2,0.088,2,11
C10979,1429.3485237751968,0.914,516.46,195.95,320.51,5280.12,0.182,3,9119.56,4666.78,1687.51,0.048,1,8
C10980,3859.5824401611767,0.967,757.82,190.63,567.19,5422.72,0.347,7,4810.23,3337.26,1077.55,0.075,1,10
C10981,4915.927608567,0.839,411.8,95.24,316.56,5139.78,0.152,9,3214.56,3483.65,1163.12,0.056,2,11
C10982,3826.658343291706,0.942,264.19,106.64,157.55,6403.44,0.101,10,6633.43,1886.92,1869.37,0.096,2,12
C10983,2942.389816690011,0.812,840.51,364.56,475.96,3499.71,0.473,15,9361.75,4295.36,1220.48,0.073,1,12
C10984,2999.893589887292,0.984,492.25,172.42,319.82,3298.95,0.322,9,8011.12,3617.82,2055.92,0.001,2,8
C10985,2565.4637621694724,0.816,442.51,136.8,305.71,6364.61,0.471,7,9214.58,3824.04,2694.09,0.097,3,9
C10986,3740.357519325982,0.983,677.64,223.36,454.28,7969.03,0.234,10,3467.41,5057.14,1710.87,0.063,2,11
C10987,5767.994339113232,0.898,0.0,0.0,0.0,6063.89,0.231,9,8130.99,2533.44,1878.09,0.051,3,8
C10988,7334.268843804256,0.89,642.24,313.41,328.83,6746.63,0.26,6,8807.73,3061.24,3010.86,0.014,3,12
C10989,4543.41927533171,0.995,623.27,268.27,355.0,4687.74,0.382,8,4798.41,3559.34,1087.44,0.033,1,12
C10990,5421.898292583052,0.998,86.33,22.65,63.67,5199.17,0.326,4,9224.12,2171.02,2514.74,0.034,1,12
C10991,3371.0135109695634,0.93,0.0,0.0,0.0,5178.98,0.47,9,7276.96,2993.64,2442.51,0.14,2,10
C10992,1990.01771596275,0.825,330.69,120.11,210.58,4716.86,0.11,6,13642.67,3742.24,2312.59,0.065,2,10
C10993,6721.93089244734,0.901,554.89,213.02,341.87,6916.95,0.383,3,3145.53,2842.04,2575.05,0.006,2,12
C10994,3785.881510742604,0.906,585.46,199.32,386.14,6473.77,0.232,8,10238.23,4639.89,1968.34,0.021,1,9
C10995,5362.449951091343,0.903,1011.21,448.01,563.21,4201.15,0.172,12,6711.68,1537.98,656.875,0.012,2,10
C10996,4690.1534221426355,0.914,555.03,238.82,316.21,2331.63,0.304,4,4265.7,4435.05,656.875,0.088,1,11
C10997,5693.509114602867,0.804,80.35,28.25,52.1,4704.64,0.302,11,6446.09,3927.3,2479.71,0.028,3,10
C10998,5644.917192451171,0.942,424.71,193.81,230.9,3068.02,0.155,13,8054.96,2574.29,2463.19,0.075,1,11
C10999,4833.270787601412,0.942,110.41,46.96,63.45,4835.51,0.181,7,9574.93,2183.15,1826.7,0.056,3,10
C11000,4965.337451234865,0.823,446.27,193.49,252.78,3186.2,0.263,10,10943.93,911.69,1370.28,0.121,1,12
C11001,5955.101498368261,0.914,922.67,449.27,473.4,6684.77,0.264,6,10343.79,2325.31,1914.82,0.048,1,11
C11002,4008.368548447981,0.914,637.77,178.54,459.23,5826.63,0.227,5,5569.24,4351.89,2365.34,0.069,1,9
C11003,6366.737953755271,0.936,283.76,79.54,204.23,5790.2,0.159,11,9760.33,3138.31,2414.61,0.108,3,10
C11004,3650.572503114086,0.817,677.7,316.27,361.43,6408.28,0.102,8,8282.57,4479.28,1542.19,0.065,1,10
C11005,4591.895917444161,0.925,266.67,115.11,151.55,5386.66,0.488,8,6190.79,2518.14,1989.22,0.119,2,12
C11006,2361.406262279878,0.856,0.0,0.0,0.0,5620.2,0.477,8,7076.18,3977.82,1014.73,0.099,3,11
C11007,2545.0880536432164,0.901,129.95,28.45,101.5,6952.05,0.293,8,6080.31,2410.75,2390.97,0.062,2,12
C11008,6158.2176429516985,0.955,637.53,247.57,389.96,4598.23,0.498,5,7574.18,2137.87,1330.01,0.076,1,11
C11009,5071.081001429977,0.941,731.7,178.09,553.61,5707.67,0.369,10,6040.68,3082.16,2271.15,0.145,3,10
C11010,8461.166273161833,0.824,1015.29,356.54,658.75,3220.29,0.128,8,5444.01,2468.54,1110.42,0.099,3,10
C11011,6996.831012516356,0.918,602.35,148.62,453.74,4918.92,0.147,9,8458.24,1502.9,2418.85,0.136,2,10
C11012,4486.918642795542,0.994,904.15,215.57,688.58,8188.93,0.466,9,8757.46,2999.45,1993.1,0.027,2,10
C11013,6642.704042971287,0.831,689.03,140.32,548.71,6022.24,0.352,4,7124.81,3317.08,1331.19,0.072,3,8
C11014,5516.803590425092,0.971,781.22,303.95,477.27,4671.01,0.437,10,10235.3,4595.19,2214.81,0.136,3,10
C11015,4777.328602216151,0.941,830.52,255.56,574.96,5196.81,0.459,7,6979.14,4230.49,1445.78,0.048,2,10
C11016,2508.7650489242756,0.955,646.11,149.61,496.5,4768.5,0.279,8,6894.45,4541.94,2249.73,0.145,3,11
C11017,2791.7578308357224,0.856,822.45,244.15,578.31,5147.55,0.119,4,8820.98,3992.39,1635.53,0.015,1,10
C11018,4505.24430189956,0.858,290.43,72.81,217.63,4201.49,0.175,12,7235.15,3565.87,767.37,0.135,1,10
C11019,3905.562447852066,0.981,0.0,0.0,0.0,5542.31,0.127,4,7669.6,1848.16,1210.55,0.067,1,11
C11020,4770.227069756432,0.872,695.22,205.79,489.44,5595.46,0.175,5,2459.12,3364.86,1541.75,0.011,1,10
C11021,6146.843797123562,0.813,612.43,183.84,428.59,4809.96,0.264,7,7533.41,3856.47,2620.91,0.132,2,10
C11022,5537.949847005211,0.92,237.42,107.3,130.12,5010.09,0.147,12,3845.61,4803.18,2340.69,0.038,2,12
C11023,3664.456700505694,0.825,121.26,47.82,73.45,5311.15,0.167,11,5058.1,3954.92,2774.32,0.003,1,8
C11024,5609.949473406911,0.959,539.2,222.72,316.48,4009.14,0.278,11,4829.35,4564.42,2792.18,0.02,2,11
C11025,3403.1432149913785,0.928,715.08,279.45,435.62,5527.91,0.236,7,5414.83,2064.8,1479.15,0.099,1,12
C11026,3129.311697618668,0.975,655.97,317.4,338.57,5970.24,0.287,9,6402.29,2840.94,1686.91,0.147,3,9
C11027,4957.964481242441,0.957,194.11,50.88,143.23,6997.3,0.272,4,6527.01,3672.29,1553.23,0.017,3,9
C11028,3522.5968892610986,0.822,261.38,129.83,131.55,5277.56,0.358,9,8828.55,4477.05,1397.09,0.069,1,8
C11029,3729.7850606816314,0.876,700.85,314.88,385.96,3966.55,0.475,9,7944.78,3040.25,695.1,0.027,3,9
C11030,5692.766476890573,0.955,521.81,196.56,325.25,4645.59,0.143,12,3697.85,3109.31,1791.15,0.112,1,8
C11031,5289.160429209229,0.883,818.05,326.16,491.88,3085.55,0.14,13,7666.59,3955.85,1028.66,0.018,2,9
C11032,4053.833183059996,0.994,403.02,159.05,243.97,5891.03,0.441,10,8136.51,1961.54,1779.5,0.036,3,9
C11033,2549.8812375385646,0.947,721.86,157.02,564.84,1710.41,0.303,2,6842.87,4968.15,3069.46,0.029,1,12
C11034,3617.80522791964,0.803,488.11,129.55,358.56,6336.98,0.407,5,7378.23,2232.95,1494.39,0.083,2,9
C11035,6830.493612198241,0.976,283.16,138.31,144.85,6517.99,0.186,10,7880.62,1089.55,1916.86,0.131,1,8
C11036,5659.848497999296,0.82,778.45,280.48,497.97,404.06,0.432,8,9029.2,3211.07,2343.99,0.077,1,10
C11037,6208.309141224334,0.828,202.23,63.4,138.83,6712.92,0.47,4,4350.24,5068.3,1968.17,0.009,2,10
C11038,4807.229693882249,0.947,522.25,223.84,298.41,6340.93,0.354,11,7011.37,3845.1,1975.49,0.085,3,10
C11039,4078.742091033334,0.973,553.25,197.71,355.54,4364.92,0.142,7,10516.67,4026.2,1582.56,0.12,2,8
C11040,5586.231080846266,0.907,463.91,94.61,369.3,3012.28,0.458,3,10333.32,3245.52,1660.87,0.02,3,8
C11041,6038.206834314354,0.858,797.24,335.54,461.7,3543.36,0.417,7,9201.87,3032.38,1223.99,0.011,3,10
C11042,3924.309725645325,0.87,671.78,281.92,389.86,3662.22,0.4,9,8573.65,1500.6,2307.63,0.028,1,9
C11043,3644.15423642636,0.869,636.03,158.72,477.31,6774.08,0.115,10,10809.27,714.68,755.11,0.112,2,10
C11044,2674.488432386088,0.865,520.54,253.5,267.04,4126.44,0.42,8,11335.7,3415.9,2382.65,0.089,2,11
C11045,3613.889992867363,0.849,1056.9,282.37,774.52,6157.98,0.155,12,7241.84,4643.8,656.875,0.081,2,8
C11046,5302.702651612467,0.922,939.4,316.88,622.52,4613.91,0.189,10,5561.14,3578.55,2377.56,0.037,1,11
C11047,3784.486938546056,0.98,775.83,181.87,593.96,4882.61,0.331,10,6959.42,3885.96,1587.71,0.05,3,11
C11048,5618.0760611650185,0.861,726.53,276.8,449.73,2442.91,0.206,9,13693.39,4942.09,1060.88,0.145,2,8
C11049,6860.609955363774,0.837,319.32,99.83,219.49,3079.39,0.365,9,4361.29,3561.64,2147.58,0.036,2,10
C11050,4529.784665549757,0.968,485.28,148.47,336.8,6739.65,0.343,8,6558.92,3065.08,2357.26,0.135,2,12
C11051,4480.476286908405,0.948,690.75,309.52,381.23,4566.42,0.143,5,4674.62,2299.62,1537.15,0.087,1,11
C11052,5158.333832545415,0.986,815.47,165.43,650.04,5250.99,0.362,9,7749.53,5424.43,2232.37,0.018,2,10
C11053,3810.717035274005,0.833,767.61,337.28,430.34,7509.54,0.47,5,5094.62,3779.2,428.95,0.07,3,12
C11054,3723.2152781981617,0.829,674.29,250.45,423.83,4608.56,0.164,6,7282.5,2162.04,656.875,0.142,3,11
C11055,3758.99077172362,0.908,1100.19,545.51,554.68,4523.63,0.339,8,3599.81,1911.72,2575.45,0.063,1,10
C11056,3125.306957478294,0.923,459.32,173.09,286.24,6609.13,0.237,6,8735.24,4578.37,1665.8,0.13,2,11
C11057,5579.744220915622,0.896,803.96,174.15,629.81,4818.52,0.284,14,9944.69,2058.81,682.67,0.038,2,10
C11058,3904.104055512099,0.92,767.43,165.15,602.29,5280.01,0.215,10,6732.11,5239.22,1380.68,0.086,1,9
C11059,5833.664310517511,0.836,633.22,294.41,338.81,6295.22,0.242,9,7229.74,167.89,1245.96,0.127,1,9
C11060,5135.139590437377,0.896,644.15,291.39,352.76,4800.17,0.112,10,7173.19,4764.85,1700.42,0.138,2,8
C11061,4472.663243465899,0.932,638.1,193.83,444.27,5981.38,0.493,7,7861.82,3735.58,1577.55,0.073,2,12
C11062,5471.5539336745915,0.887,287.53,110.82,176.71,4626.23,0.35,12,7423.66,3330.45,1907.36,0.096,1,11
C11063,3367.8461055667813,0.936,620.26,215.15,405.1,6271.71,0.3,9,9036.23,3007.0,1758.32,0.0,1,11
C11064,3563.514866747387,0.89,724.48,355.11,369.38,5431.99,0.253,5,9966.08,5279.8,2615.84,0.038,1,10
C11065,5356.316986268773,0.867,596.58,289.33,307.25,4461.89,0.316,6,5871.86,3977.76,2054.73,0.042,1,12
C11066,1865.193070409104,0.861,0.0,0.0,0.0,4911.37,0.252,9,6881.34,2206.48,2074.6,0.014,2,11
C11067,4517.533416360459,0.882,24.15,11.11,13.04,1133.5,0.244,7,9303.24,1309.2,2499.09,0.042,1,12
C11068,5208.602782554334,0.805,254.53,120.36,134.17,6590.66,0.286,11,4656.66,3395.03,1566.74,0.048,1,12
C11069,6073.059272026436,0.934,466.42,123.69,342.73,2918.05,0.21,4,3558.56,3198.82,1042.87,0.145,3,9
C11070,6318.575598825133,0.969,270.64,121.6,149.04,3196.32,0.172,8,7952.63,1528.15,2524.18,0.1,1,11
C11071,4343.6565008593,0.871,693.77,286.29,407.48,4142.97,0.323,4,8492.69,3139.07,1881.51,0.064,2,11
C11072,5424.319834179724,0.809,857.6,419.23,438.37,2110.57,0.437,9,6055.4,2568.67,1883.61,0.148,3,8
C11073,3534.7798106014807,0.997,900.1,334.28,565.82,5501.42,0.161,9,6162.245000000001,3210.22,1420.0,0.023,2,12
C11074,3967.816273178094,0.853,601.04,135.57,465.48,5341.52,0.113,7,5979.62,3998.52,656.875,0.071,2,10
C11075,6141.192616381395,0.825,825.25,312.95,512.3,4070.19,0.199,9,5766.15,4841.87,2308.03,0.097,2,9
C11076,4452.114826093137,0.874,331.23,134.47,196.76,3782.94,0.492,7,8886.99,4199.78,2390.79,0.008,1,8
C11077,4691.613314196985,0.948,454.5,120.94,333.56,3759.91,0.432,12,5139.0,2406.42,2270.29,0.108,2,9
C11078,3260.236511905718,0.859,149.9,47.7,102.2,5722.2,0.338,11,6968.95,3605.81,2275.78,0.015,2,10
C11079,5007.080597609088,0.915,862.07,327.2,534.87,2409.41,0.472,7,5689.33,3269.42,2141.42,0.021,1,8
C11080,2361.406262279878,0.883,1089.78,340.27,749.52,4186.5,0.278,9,4589.42,1734.66,1878.91,0.024,2,9
C11081,5367.6274844762065,0.824,395.42,123.56,271.86,2505.86,0.493,11,9240.36,3638.06,1694.77,0.139,3,10
C11082,3046.3666392605614,0.866,0.0,0.0,0.0,5953.12,0.219,9,6460.35,5242.34,2526.19,0.102,1,8
C11083,5699.933211973235,0.945,213.38,102.9,110.48,4295.67,0.196,8,7876.88,3235.67,1575.77,0.098,2,10
C11084,3302.2792077173617,0.922,304.95,129.65,175.3,5620.12,0.355,4,4483.85,1446.4,2021.99,0.083,2,8
C11085,4468.302001095545,0.824,102.14,20.47,81.67,6674.31,0.251,10,6016.12,3233.3,1317.59,0.044,3,11
C11086,2558.256995527755,0.833,190.91,82.03,108.88,6699.64,0.351,10,9012.18,1864.92,1404.42,0.093,3,11
C11087,4284.637970788835,0.928,561.39,236.87,324.52,3266.85,0.222,9,12674.54,4149.97,656.875,0.062,2,9
C11088,3295.6962382062698,0.963,697.92,141.62,556.3,5264.19,0.347,11,3547.57,3777.35,1317.64,0.022,1,12
C11089,3961.3714083903496,0.87,0.0,0.0,0.0,6482.09,0.21,8,7097.78,3012.0,2278.71,0.103,1,12
C11090,4571.892527621379,0.919,340.35,130.02,210.33,5844.71,0.12,9,8324.56,2835.72,991.18,0.019,1,10
C11091,5492.669768248498,0.834,511.3,171.71,339.59,5993.0,0.465,10,6267.8,2966.54,1859.54,0.029,2,8
C11092,5451.484160030753,0.862,179.97,78.0,101.97,2125.01,0.453,4,9199.04,3209.1,1879.5,0.123,2,11
C11093,1695.244455306259,0.804,570.86,187.03,383.82,5821.72,0.488,11,5766.53,2350.54,713.52,0.099,3,12
C11094,5313.981927760993,0.954,464.65,114.38,350.27,3610.6,0.387,12,7807.7,1673.47,1535.39,0.095,2,11
C11095,4747.531687013882,0.88,365.42,180.13,185.3,5797.03,0.373,8,6455.86,4452.57,1953.42,0.063,2,10
C11096,3827.7567691917257,0.963,240.65,65.6,175.05,5764.21,0.324,7,9938.86,2776.06,2057.24,0.059,2,10
C11097,3443.511236896319,0.942,582.02,241.72,340.3,5684.88,0.15,5,6147.27,3383.75,1677.42,0.104,1,8
C11098,4425.086235029843,0.966,270.95,65.83,205.13,4634.03,0.176,10,6796.25,3513.81,2206.13,0.111,2,12
C11099,4776.7176226726915,0.857,0.0,0.0,0.0,6774.14,0.216,8,9391.38,3554.22,1734.41,0.077,2,10
C11100,4953.458738737478,0.837,506.63,168.51,338.12,5565.46,0.456,6,5443.92,1908.8,1808.19,0.145,3,10
C11101,4263.251893055917,0.994,128.29,33.06,95.24,5282.27,0.169,4,7637.5,1356.58,656.875,0.143,1,11
C11102,1470.9339836146548,0.943,6.14,2.06,4.08,3398.38,0.469,10,3854.93,2552.44,2356.2,0.062,3,9
C11103,3905.6361088759018,0.967,538.86,133.18,405.68,5394.14,0.309,6,5324.13,3635.28,1394.57,0.123,2,12
C11104,3079.5691895566483,0.803,451.13,165.88,285.25,7768.07,0.386,7,8264.26,2399.26,1507.91,0.081,1,8
C11105,6966.265162219615,0.871,240.1,95.83,144.27,2714.73,0.144,7,5518.6,2809.59,656.875,0.077,1,8
C11106,4571.175318503253,0.949,568.68,124.39,444.29,5895.16,0.208,11,6410.85,5540.03,1600.68,0.008,1,11
C11107,5389.344015459915,0.816,627.18,289.34,337.84,6084.36,0.483,11,8486.17,1170.03,2655.74,0.086,2,8
C11108,5262.152512500921,0.913,571.95,146.16,425.79,7388.28,0.206,5,6341.63,2369.46,2143.64,0.135,1,10
C11109,4872.394171154096,0.886,561.06,150.14,410.91,5888.61,0.219,6,9145.68,5286.26,1121.35,0.117,2,12
C11110,4000.538856120811,0.804,18.39,7.32,11.06,4816.02,0.179,6,7931.33,3150.94,1439.73,0.118,3,8
C11111,3847.405135286529,0.847,887.97,302.47,585.51,5433.92,0.152,7,8371.37,2423.42,656.875,0.024,2,12
C11112,2075.287799601194,0.857,667.24,233.41,433.83,4397.92,0.193,8,9981.93,4485.65,1256.1,0.054,2,8
C11113,4670.631762169572,0.822,214.76,51.21,163.55,6628.89,0.357,7,8139.65,3260.75,1364.8,0.035,1,9
C11114,4860.457124349462,0.926,496.47,219.3,277.17,2476.53,0.282,9,10577.69,2816.86,2606.98,0.047,2,9
C11115,4442.604184562504,0.848,553.49,213.16,340.33,4068.19,0.322,9,9322.52,3411.61,1431.97,0.087,1,12
C11116,4672.106242458091,0.856,488.2,117.47,370.73,5469.23,0.149,9,6453.1,2476.08,2372.8,0.055,3,9
C11117,3052.3075992550457,0.98,1037.92,324.04,713.88,6556.4,0.421,11,10086.3,2080.76,2553.19,0.084,1,9
C11118,4147.143223240526,0.893,0.0,0.0,0.0,4779.32,0.414,14,8027.73,3075.04,1359.92,0.066,2,10
C11119,3720.175447461854,0.878,57.14,21.17,35.97,3626.49,0.109,7,6710.64,2087.9,1266.02,0.043,2,8
C11120,5298.007098762012,0.945,0.0,0.0,0.0,4483.69,0.253,5,8056.77,3211.76,1634.32,0.014,2,9
C11121,4549.181193882299,0.982,523.96,163.39,360.57,4249.56,0.128,9,9724.65,3589.85,1146.82,0.134,3,12
C11122,3732.224832969757,0.805,663.2,180.93,482.28,4318.54,0.417,11,8410.09,4138.37,1872.62,0.002,1,10
C11123,4308.058938518037,0.89,608.48,216.16,392.32,4147.23,0.395,7,11144.79,4440.72,1676.61,0.0,1,9
C11124,3252.570389134829,0.922,413.26,187.21,226.05,4147.89,0.461,5,9673.06,2753.69,656.875,0.124,2,12
C11125,4106.189847790616,0.864,621.96,205.79,416.17,2226.09,0.195,14,8546.32,3749.36,2638.17,0.15,2,8
C11126,5199.224354017942,0.954,411.07,135.65,275.41,5250.23,0.283,14,5447.86,3741.78,2290.49,0.109,2,9
C11127,2901.246151774094,0.994,722.22,340.6,381.62,5812.1,0.174,9,7140.53,3560.6,2093.54,0.002,1,12
C11128,4426.612076585329,0.989,832.19,310.29,521.9,7047.59,0.248,12,7643.33,2672.59,620.37,0.034,2,12
C11129,3600.0781034660977,0.853,220.64,81.61,139.04,6090.6,0.309,10,8893.26,2069.13,2066.03,0.146,3,11
C11130,2902.1020063707992,0.845,413.71,115.25,298.46,6014.04,0.121,12,8774.67,3752.2,2833.58,0.121,2,12
C11131,6738.352319146774,0.991,462.3,176.75,285.56,5244.02,0.386,8,7839.08,1322.45,0.0,0.085,3,11
C11132,6004.528821597712,0.892,927.63,345.8,581.83,2156.17,0.317,10,7740.7,2905.38,2213.63,0.036,2,8
C11133,3782.3240116214065,0.842,255.97,81.67,174.3,5220.21,0.432,8,8940.91,391.01,1704.38,0.002,1,8
C11134,4152.277083925237,0.941,829.3,412.33,416.96,4968.57,0.209,11,5782.83,1729.96,1290.12,0.003,1,10
C11135,2073.3050289559205,0.857,60.18,27.96,32.22,6344.81,0.461,9,10891.03,2235.15,2280.68,0.092,2,11
C11136,2589.0153532260965,0.853,873.06,370.94,502.12,5651.22,0.499,8,3405.67,4406.4,2825.82,0.003,2,12
C11137,3146.36591156222,0.976,755.57,272.91,482.65,4605.19,0.468,14,10410.82,3956.92,2265.14,0.149,2,10
C11138,4459.6980297840055,0.832,453.3,153.5,299.81,7737.23,0.411,10,7409.63,2590.67,1577.28,0.028,2,10
C11139,4362.334185847301,0.813,775.0,197.99,577.01,6072.68,0.425,7,9505.16,4002.31,1233.92,0.107,3,8
C11140,4898.066335947946,0.854,349.72,102.02,247.7,5309.8,0.329,9,8227.68,4176.39,1886.78,0.023,2,12
C11141,5314.329190884228,0.921,223.16,96.45,126.71,5482.97,0.176,8,8192.07,3023.27,2323.9,0.081,2,11
C11142,4833.6111418638,0.825,1011.94,340.14,671.8,4891.77,0.371,10,8608.51,1677.18,1567.77,0.012,1,8
C11143,3202.3105824464687,0.894,337.65,156.9,180.75,4824.76,0.385,10,9118.11,2971.3,1625.77,0.115,2,10
C11144,4888.828121066478,0.925,703.1,171.82,531.28,1544.67,0.494,10,6842.34,3092.32,3493.2,0.088,3,9
C11145,5262.422173558968,0.97,832.65,293.51,539.14,3427.37,0.317,6,9569.6,1844.3,2447.19,0.013,1,10
C11146,3987.272901881356,0.846,741.9,292.37,449.52,3988.61,0.209,12,5331.06,3603.75,2490.08,0.127,3,9
C11147,2284.2940091369987,0.963,679.78,241.36,438.42,5475.95,0.373,6,7489.34,3507.79,923.83,0.082,3,8
C11148,5920.882870132648,0.847,704.05,328.63,375.42,2322.47,0.492,4,9171.94,3689.55,656.875,0.138,2,11
C11149,4605.97745935829,0.935,817.24,406.06,411.18,4018.25,0.171,14,9490.04,3506.82,1844.81,0.137,1,12
C11150,1172.5935082842384,0.886,595.32,139.75,455.57,3826.02,0.23,13,8421.58,4002.83,1199.32,0.138,1,9
C11151,6984.303701840634,0.823,488.11,116.65,371.46,4975.13,0.317,9,6713.22,3002.74,2760.24,0.012,1,12
C11152,3925.484977098198,0.943,89.32,21.36,67.96,5479.68,0.168,10,9293.42,3421.96,2646.19,0.018,1,8
C11153,7426.82782461278,0.844,595.44,240.77,354.67,3831.28,0.109,4,6161.27,2762.49,1479.87,0.148,2,8
C11154,4952.837239362297,0.835,808.5,252.09,556.41,3939.1,0.235,8,11002.82,2557.05,2870.35,0.073,1,8
C11155,4256.784389914591,0.872,169.78,71.31,98.48,3779.56,0.446,4,7330.66,4672.07,1797.45,0.036,2,11
C11156,4720.313669168767,0.931,431.28,138.72,292.56,4214.81,0.117,6,4420.75,951.85,3353.63,0.115,1,9
C11157,3648.873939427381,0.847,627.61,243.69,383.92,4723.28,0.272,11,5110.63,4164.44,1886.81,0.04,1,12
C11158,4573.572477067244,0.837,953.71,411.01,542.7,6772.69,0.405,5,7587.29,2517.41,2145.72,0.109,2,10
C11159,6912.744759849828,0.802,152.43,55.56,96.87,3281.26,0.481,11,7779.65,2374.96,2639.94,0.126,3,8
C11160,3421.6530836990964,0.894,738.04,267.06,470.98,7426.26,0.494,7,11439.31,3487.74,2566.58,0.118,2,12
C11161,5140.037650722216,0.886,392.66,88.93,303.74,2949.27,0.269,12,5423.0,1561.43,2106.44,0.041,2,12
C11162,3636.289386327738,0.847,297.91,96.29,201.62,6231.96,0.48,5,7578.92,2302.37,1715.32,0.06,2,11
C11163,4298.302818714221,0.811,224.6,81.69,142.9,4086.31,0.114,3,5381.16,2265.95,2108.48,0.062,2,9
C11164,6871.932400656727,0.886,303.34,102.71,200.63,3433.56,0.398,8,6514.69,2956.46,1310.29,0.074,3,11
C11165,2361.406262279878,0.958,649.73,305.53,344.21,6775.32,0.357,9,10867.94,2315.45,1891.28,0.025,1,11
C11166,5394.808228168302,0.943,431.67,203.73,227.94,4922.63,0.2,6,5227.33,4961.23,1134.42,0.068,3,12
C11167,4585.015675262741,0.972,714.27,318.98,395.3,4865.23,0.303,5,8674.08,5176.72,731.47,0.077,1,9
C11168,7734.586451362902,0.802,163.45,51.09,112.35,4384.39,0.152,5,8285.81,975.81,1830.26,0.08,3,9
C11169,3360.433505891092,0.993,709.1,294.41,414.69,3927.81,0.449,9,7451.66,3798.75,2557.37,0.123,1,9
C11170,2604.7537109549576,0.868,630.14,200.75,429.38,4534.73,0.243,7,6162.245000000001,4144.53,2355.48,0.078,3,8
C11171,6523.215100633237,0.998,47.66,12.86,34.8,0.0,0.35,6,5179.96,3797.28,1750.85,0.035,3,9
C11172,4042.099741621896,0.851,951.87,288.29,663.58,2019.46,0.164,9,10812.65,2476.08,2848.19,0.099,1,12
C11173,4992.310882776929,0.894,601.97,133.21,468.76,5388.48,0.182,10,11349.69,2931.49,1458.56,0.12,3,8
C11174,6559.6301985593445,0.871,729.63,218.55,511.08,6574.17,0.497,6,7594.21,2376.9,649.3,0.048,1,10
C11175,5008.270604420065,0.871,846.84,286.42,560.42,6845.33,0.401,8,12346.21,2737.71,490.74,0.097,1,11
C11176,7176.981926173381,0.968,790.51,384.7,405.81,3364.5,0.485,6,6701.94,1869.04,1091.29,0.022,2,9
C11177,4663.435035366598,0.949,462.17,135.89,326.28,5089.23,0.218,3,8300.86,3073.73,2289.97,0.051,3,10
C11178,3650.247763189863,0.998,717.55,337.78,379.77,1509.79,0.166,11,10363.78,1546.92,1419.12,0.136,2,9
C11179,1675.820167642692,0.923,0.0,0.0,0.0,4272.92,0.301,5,6581.99,2979.85,2076.58,0.137,2,11
C11180,4860.656938081197,0.893,618.13,159.04,459.09,6035.54,0.298,7,4736.9,1826.56,2787.77,0.086,2,12
C11181,1816.2885557938037,0.818,1019.75,362.72,657.02,4773.75,0.17,13,4276.57,3427.5,1139.94,0.105,3,12
C11182,4889.567689375978,0.999,291.39,117.07,174.32,4302.38,0.393,7,11621.65,2452.64,2087.1,0.128,2,11
C11183,6251.44580985353,0.91,774.64,165.23,609.41,4780.07,0.245,5,6441.95,3519.64,2123.38,0.144,1,10
C11184,4479.527175431443,0.94,1031.9,274.81,757.08,6724.27,0.175,5,7128.53,4389.74,1283.56,0.073,1,8
C11185,4728.127551419135,0.881,706.76,237.97,468.79,4432.95,0.233,3,6162.245000000001,4948.39,2612.53,0.084,1,8
C11186,5598.797635780884,0.91,807.62,241.72,565.9,4908.97,0.325,5,9396.68,419.19,1627.38,0.062,2,9
C11187,5303.441092267207,0.989,29.16,12.07,17.09,7079.09,0.391,9,5936.88,2282.39,1569.75,0.011,1,11
C11188,5892.598187292037,0.833,219.52,77.57,141.95,4457.52,0.293,7,6517.47,2866.61,3066.97,0.063,1,11
C11189,4476.98564979943,0.858,928.92,230.47,698.45,2345.22,0.31,10,8099.04,3706.36,2113.66,0.119,3,8
C11190,1798.6377311878864,0.83,788.11,369.1,419.0,6852.61,0.156,6,5371.91,1384.61,2355.17,0.121,1,10
C11191,5911.2212301408745,0.958,648.81,186.77,462.03,6323.39,0.466,10,7142.84,2119.7,2612.94,0.134,2,11
C11192,4213.437735179308,0.812,420.62,176.38,244.24,1475.0,0.471,11,10304.42,3343.39,1409.72,0.008,1,12
C11193,3445.616783245062,0.816,585.39,254.04,331.34,4604.72,0.373,8,8356.51,3293.38,2549.89,0.079,1,12
C11194,4903.122469675751,0.86,1021.44,499.43,522.01,4766.76,0.107,11,7761.08,3615.38,1498.86,0.016,1,11
C11195,2361.406262279878,0.903,469.43,164.09,305.34,6852.98,0.315,7,7929.73,3688.04,1473.23,0.03,2,10
C11196,3600.6450439401715,0.881,709.78,273.09,436.69,4778.43,0.352,10,6721.73,3572.45,1636.8,0.135,3,12
C11197,2957.29867774385,0.809,701.89,210.89,491.0,5048.88,0.498,7,11492.3,3413.02,1426.76,0.075,1,10
C11198,5062.098429826535,0.991,300.24,121.13,179.11,5095.48,0.498,8,5875.69,3261.31,2293.29,0.114,1,8
C11199,3480.1539943121666,0.991,323.39,109.64,213.76,4100.86,0.443,9,7921.85,3931.24,1960.33,0.01,2,9
C11200,4637.26017016312,0.856,958.1,317.42,640.69,6745.85,0.126,5,7730.05,736.75,1505.27,0.063,2,8
C11201,4948.134426533327,0.946,671.04,306.42,364.62,3611.6,0.481,7,9517.53,4898.77,2204.7,0.101,2,9
C11202,5661.81138345051,0.916,295.9,63.63,232.26,4071.83,0.345,13,9706.35,775.07,1634.89,0.02,3,12
C11203,7042.924322831481,0.847,406.62,188.91,217.71,4791.1,0.42,4,7435.96,2012.92,1603.16,0.049,2,9
C11204,4784.65104153079,0.852,204.32,93.09,111.23,2792.92,0.263,9,8081.33,2950.56,656.875,0.01,2,9
C11205,3989.56623568137,0.898,819.95,288.55,531.4,7448.11,0.228,9,8157.07,3939.87,2078.08,0.098,3,11
C11206,6490.1230884113875,0.884,424.47,147.32,277.15,4798.72,0.285,7,2955.72,0.0,2033.91,0.146,2,9
C11207,5757.711274617811,0.858,428.47,132.2,296.27,6036.91,0.159,9,4322.02,3169.06,1582.05,0.124,1,11
C11208,4702.059633339705,0.962,752.28,374.82,377.45,3363.77,0.243,8,6289.87,4071.63,2308.27,0.146,1,9
C11209,4783.784335375898,0.896,0.0,0.0,0.0,5867.6,0.443,6,6376.8,4293.97,1666.56,0.127,1,11
C11210,4532.294068969633,0.931,488.93,184.36,304.57,5994.89,0.115,7,5101.44,2432.94,1407.01,0.128,1,12
C11211,4694.653805690979,0.838,496.73,200.93,295.8,6211.3,0.16,8,8999.17,2869.08,919.19,0.087,1,12
C11212,4377.761578028861,0.907,414.32,199.0,215.32,7657.5,0.15,12,7504.24,2522.24,2389.91,0.078,1,9
C11213,3330.2034211824407,0.864,335.14,145.47,189.67,3962.64,0.261,2,7070.61,2768.06,1807.43,0.061,3,10
C11214,4510.648150622895,0.905,286.98,112.83,174.15,4520.03,0.499,8,4987.69,2064.99,1926.52,0.123,3,12
C11215,6608.729060486573,0.956,584.74,137.44,447.3,3532.13,0.169,6,7410.91,2221.82,2427.48,0.027,2,8
C11216,3520.749598813619,0.954,196.97,61.48,135.49,4655.66,0.158,5,2246.63,3677.81,1513.56,0.008,3,8
C11217,4174.474416651652,0.871,548.36,132.51,415.84,5796.18,0.466,6,7174.09,3344.78,656.875,0.142,1,11
C11218,3429.6968806143927,0.939,334.13,155.16,178.97,5715.35,0.453,8,7626.37,3740.75,1841.87,0.001,3,10
C11219,5888.79875480826,0.988,354.08,150.44,203.64,7261.13,0.113,12,7983.83,3435.42,1984.78,0.147,2,11
C11220,5495.644955248454,0.925,559.1,238.88,320.22,5535.3,0.401,7,4371.8,3974.77,1642.29,0.109,1,9
C11221,2966.0246155754176,0.83,350.72,138.77,211.95,4800.84,0.362,7,7949.63,4166.04,2684.24,0.049,1,12
C11222,2077.845085833581,0.936,880.11,309.9,570.21,3162.38,0.407,5,6162.245000000001,1284.11,308.3,0.105,1,10
C11223,5538.841414601536,0.821,457.98,112.2,345.78,6099.48,0.298,7,5875.06,2260.26,2472.03,0.123,1,11
C11224,2892.8794536143005,0.974,813.99,243.31,570.68,4565.26,0.497,6,8935.86,2945.49,2274.69,0.037,1,11
C11225,5493.919628146799,0.903,271.42,65.43,205.99,6133.56,0.118,12,11528.23,3175.05,2074.06,0.116,1,8
C11226,3734.3123576798575,0.877,264.77,110.53,154.24,4162.84,0.194,11,7602.72,2462.9,0.0,0.121,1,9
C11227,5333.999602665318,0.811,1.08,0.27,0.81,6601.06,0.259,3,5865.81,4203.23,2570.33,0.037,1,11
C11228,5032.939711402098,0.876,352.35,144.69,207.66,5379.48,0.28,12,7877.34,5377.94,1184.14,0.006,3,8
C11229,3856.2550619724784,0.981,430.22,175.39,254.83,6288.38,0.469,2,9378.06,3404.78,1495.38,0.031,1,10
C11230,3445.209584164668,0.804,523.11,176.7,346.41,5378.72,0.324,10,8742.0,3292.78,1697.64,0.03,1,11
C11231,5190.956055469119,0.895,709.21,170.61,538.59,3412.0,0.118,8,12986.23,4134.4,2044.45,0.01,2,8
C11232,3668.897136107402,0.986,687.44,202.41,485.03,4251.93,0.263,5,6069.32,1147.58,2183.66,0.109,3,9
C11233,5830.7762862325235,0.879,840.69,248.87,591.82,2879.38,0.267,10,8004.46,3231.32,2335.7,0.057,1,12
C11234,3501.1801024942947,0.886,233.81,95.89,137.92,5076.97,0.486,7,10597.84,4276.94,2289.51,0.133,3,10
C11235,4920.420384966596,0.916,509.25,119.23,390.02,2606.05,0.34,4,10472.32,2492.53,1951.76,0.038,1,11
C11236,4031.754592847694,0.893,199.95,89.72,110.23,5240.81,0.354,13,3599.84,1850.78,2049.55,0.068,1,8
C11237,4506.856932663348,0.834,624.27,267.38,356.89,0.0,0.385,12,7493.28,2995.61,1145.55,0.096,1,11
C11238,3659.367611266761,0.804,1041.28,266.45,774.82,6014.9,0.408,8,10469.04,3133.25,1349.38,0.132,2,12
C11239,4285.672277508131,0.922,141.07,58.65,82.42,3144.5,0.354,12,13281.29,2200.48,2337.28,0.079,1,11
C11240,1425.898125530378,0.984,706.26,282.9,423.37,3369.13,0.195,4,8907.59,5505.78,2302.33,0.056,2,11
C11241,3524.493021168605,0.821,814.59,345.74,468.85,6857.81,0.45,7,6764.27,2673.43,2234.28,0.13,1,8
C11242,3794.865979907806,0.842,232.18,59.6,172.59,5279.68,0.393,6,5481.59,1930.97,1491.35,0.047,2,12
C11243,4413.748164497202,0.874,630.9,156.01,474.89,6069.5,0.397,12,11937.49,3097.02,2346.3,0.012,1,10
C11244,6051.830122442592,0.962,392.02,106.22,285.8,3292.0,0.499,8,8957.48,4198.65,1103.25,0.067,2,8
C11245,3662.72338080434,0.854,463.65,143.62,320.03,6242.84,0.421,8,5803.87,3219.16,2446.42,0.118,2,12
C11246,6196.782188397363,0.976,382.08,167.39,214.69,4593.8,0.432,9,7093.69,3734.15,1643.48,0.005,2,12
C11247,3466.297634282934,0.811,432.54,182.26,250.28,4976.44,0.481,9,8120.37,2241.34,2810.5,0.088,1,11
C11248,3170.253643068995,0.988,846.66,404.39,442.26,7035.45,0.16,3,8587.61,4836.46,887.13,0.089,3,9
C11249,2238.940477773633,0.912,476.26,103.63,372.63,3055.66,0.299,5,5700.76,3817.88,2858.04,0.139,2,9
C11250,5228.141576345204,0.932,319.5,65.01,254.49,6169.55,0.332,6,6271.62,4352.47,1583.12,0.043,1,10
C11251,4603.226910049075,0.874,520.7,213.35,307.35,5378.12,0.232,8,4194.13,3601.68,1572.31,0.042,3,11
C11252,5157.043463138393,0.956,0.0,0.0,0.0,4480.36,0.436,15,9579.52,4107.37,1916.9,0.066,2,9
C11253,4657.944826786719,0.833,254.93,76.54,178.39,3158.8,0.405,4,6816.76,2239.64,1381.75,0.054,2,8
C11254,4488.96340313889,0.81,874.58,318.38,556.2,4463.52,0.388,12,8432.64,2659.45,1756.6,0.11,1,10
C11255,4841.308488542366,0.879,456.4,105.3,351.09,3572.47,0.499,6,10344.52,4681.13,1357.42,0.096,2,11
C11256,7082.983359356781,0.971,356.59,140.07,216.52,6580.28,0.204,10,7939.74,4915.72,1379.36,0.114,1,8
C11257,3931.2741647721855,0.951,551.89,164.21,387.68,4937.64,0.394,11,7274.06,1938.23,2092.13,0.123,2,9
C11258,6965.186646675279,0.903,720.99,281.05,439.94,3784.54,0.321,3,7887.84,3474.71,1259.06,0.138,2,9
C11259,5522.835761760429,0.914,898.62,404.56,494.06,2643.6,0.225,10,7626.39,2725.96,1339.08,0.065,2,9
C11260,4938.237490093709,0.826,364.69,91.66,273.03,4105.43,0.164,10,9992.33,2433.27,976.33,0.148,1,9
C11261,5165.43428402617,0.968,371.59,178.09,193.5,6654.35,0.458,6,8121.68,3513.32,1497.64,0.032,3,12
C11262,665.251093811956,0.957,433.05,155.55,277.49,4967.15,0.338,2,6411.2,4455.06,2586.96,0.107,1,10
C11263,4186.003698923069,0.931,808.75,385.67,423.07,4529.71,0.43,7,9595.7,3696.83,1292.44,0.08,2,10
C11264,3695.719965343876,0.893,517.11,135.65,381.46,7348.03,0.318,4,9960.97,2848.54,1361.02,0.123,2,9
C11265,7034.871993977313,0.993,1149.76,438.48,711.28,4178.18,0.188,14,4823.34,3766.35,1916.35,0.072,2,10
C11266,4090.3216162396698,0.976,451.7,145.07,306.63,3587.52,0.235,15,10565.57,2804.03,1577.52,0.118,1,8
C11267,4464.240028566214,0.929,1029.05,444.82,584.22,5406.13,0.253,7,8229.42,3653.33,3136.89,0.14,1,8
C11268,4444.7475187539485,0.874,232.09,88.61,143.48,5429.35,0.489,11,8066.54,4736.11,1702.48,0.11,1,10
C11269,2932.16083000536,0.924,83.05,28.93,54.12,3919.82,0.102,7,9513.25,915.12,2001.13,0.116,2,9
C11270,3827.734046682159,0.915,469.57,222.53,247.04,3603.5,0.494,11,6366.05,4076.98,2366.26,0.01,1,11
C11271,5480.277493567873,0.879,841.82,263.6,578.21,6970.61,0.492,9,9408.33,1507.04,2354.75,0.031,2,9
C11272,1941.8318588974155,0.861,356.91,94.93,261.97,4150.52,0.498,11,6746.45,4551.16,1939.97,0.146,2,12
C11273,4873.622859616861,0.881,315.04,120.48,194.56,2622.19,0.291,8,4550.1,2499.27,1703.32,0.104,1,11
C11274,3418.224253369882,0.915,807.5,312.67,494.83,5089.3,0.486,8,6162.245000000001,1860.56,3014.42,0.084,1,12
C11275,6059.902773674174,0.886,711.53,236.03,475.5,6141.89,0.258,12,8634.04,3964.8,1740.14,0.055,1,10
C11276,1077.7578259650222,0.831,3649.82,694.17,2955.65,236.02,0.922,30,5879.34,1975.11,451.32,0.276,2,12
C11277,1508.3014339334368,0.787,1433.99,250.57,1183.42,138.52,0.748,30,7428.06,1957.79,571.98,0.309,1,12
C11278,1067.9022577921085,0.815,2504.63,497.84,2006.79,119.7,0.885,20,7487.64,2066.15,302.96,0.318,1,12
C11279,1542.4182129989035,0.805,1739.54,249.56,1489.98,95.44,0.961,31,6372.82,1093.33,591.15,0.403,1,10
C11280,1271.7188783295994,0.894,3098.37,517.06,2581.31,337.17,0.837,30,3492.44,1662.09,533.78,0.254,1,10
C11281,1600.5900932319937,0.735,1380.52,181.44,1199.08,185.46,0.917,28,5916.46,2337.72,527.37,0.354,0,12
C11282,2026.923339261987,0.728,2912.75,258.85,2653.9,204.98,0.946,31,6798.98,1464.07,577.88,0.273,0,11
C11283,2003.5487072343572,0.898,1896.87,195.78,1701.08,166.26,0.741,29,6082.57,1393.22,452.48,0.306,1,11
C11284,2272.92628263965,0.864,3115.27,573.52,2541.75,177.0,0.912,23,5425.96,1555.84,1261.34,0.483,0,11
C11285,2002.888138138296,0.829,2553.94,149.13,2404.81,289.86,0.976,37,7615.87,1543.29,593.69,0.542,1,11
C11286,1643.1345189250826,0.746,2334.75,323.88,2010.87,124.91,0.873,29,4436.29,1860.74,521.02,0.209,1,12
C11287,1239.9410174159132,0.823,2665.08,282.16,2382.92,4.31,0.756,36,5246.75,1509.24,648.39,0.426,1,9
C11288,1267.3434463102656,0.937,3058.66,330.35,2728.31,236.81,0.738,33,6438.4,790.1,395.75,0.214,2,9
C11289,973.333616138514,0.967,2164.44,395.41,1769.03,199.67,0.778,25,5976.76,2392.66,389.13,0.234,0,11
C11290,1502.717574630935,0.911,886.1,157.79,728.31,160.8,0.731,30,6339.95,2053.21,660.07,0.482,0,10
C11291,1918.432487227161,0.718,3040.03,425.08,2614.96,197.08,0.854,18,6300.3,1874.54,656.875,0.494,1,11
C11292,1064.5994382701876,0.901,2010.13,182.8,1827.33,112.93,0.721,25,6287.3,1752.91,738.35,0.526,0,11
C11293,1477.6692848017356,0.772,3991.93,484.29,3507.63,152.07,0.767,28,4952.77,1638.65,214.97,0.39,0,9
C11294,1093.5826627669385,0.795,1778.12,197.8,1580.31,136.83,0.832,27,4453.74,1400.02,474.72,0.544,1,10
C11295,1625.6125981125688,0.759,1933.44,199.23,1734.22,90.85,0.842,32,5705.71,861.21,565.93,0.267,2,9
C11296,1170.3699696300298,0.933,2721.11,178.01,2543.1,268.92,0.87,30,7766.78,2613.72,644.06,0.3,1,10
C11297,1056.2936572235683,0.895,2733.11,359.31,2373.79,8.77,0.912,25,5462.71,1810.45,605.32,0.254,1,12
C11298,1092.0199830407848,0.884,2495.84,237.79,2258.05,386.09,0.714,20,6399.1,994.45,329.78,0.519,1,9
C11299,1801.99726430734,0.9,1808.05,269.62,1538.43,237.74,0.724,18,5668.66,1286.92,602.95,0.291,1,12
C11300,1441.9503568017872,0.771,1387.86,135.84,1252.02,0.0,0.718,34,8550.59,1952.24,564.25,0.262,1,12
C11301,1242.9469619999786,0.833,1726.04,197.93,1528.11,127.58,0.827,31,5293.13,1942.27,563.7,0.449,1,11
C11302,1656.8427015283264,0.89,1138.34,65.86,1072.48,133.15,0.713,36,6404.26,1426.25,280.71,0.231,0,10
C11303,1251.2902695194098,0.891,3644.41,724.8,2919.61,189.19,0.924,25,4421.67,1261.07,313.11,0.218,2,9
C11304,2175.910736211422,0.938,1482.76,187.04,1295.73,51.06,0.767,26,3819.34,1513.89,862.45,0.243,1,11
C11305,2361.406262279878,0.786,1994.16,106.96,1887.2,153.2,0.982,33,5489.65,835.29,697.22,0.2,1,9
C11306,1387.8170923096309,0.931,2684.71,352.19,2332.52,137.89,0.846,28,7271.65,1562.17,487.41,0.479,2,12
C11307,657.1408669997995,0.832,2203.65,397.88,1805.78,76.24,0.834,27,6450.38,1567.49,490.82,0.425,0,9
C11308,1291.8753648659438,0.901,1786.06,296.28,1489.79,62.32,0.934,34,2370.4,2563.32,944.57,0.284,0,9
C11309,492.2187013760219,0.837,2095.99,325.16,1770.82,241.88,0.914,17,6599.29,1574.66,509.07,0.293,1,11
C11310,1947.789913535476,0.985,1773.99,125.81,1648.18,0.0,0.882,30,3202.97,1926.42,476.64,0.524,2,10
C11311,1959.9022602033472,0.754,2021.88,300.57,1721.31,197.79,0.981,24,6759.99,2599.14,341.32,0.401,1,9
C11312,1970.5021042346857,0.903,2473.38,407.97,2065.41,229.75,0.827,29,6316.61,1266.36,453.27,0.479,0,12
C11313,1517.3234881046808,0.873,1474.32,200.31,1274.01,128.14,0.943,32,5275.29,1487.65,163.43,0.381,1,12
C11314,972.0777571739447,0.752,2956.31,543.7,2412.61,155.24,0.814,25,6590.88,1530.3,604.16,0.295,0,11
C11315,1019.7956207784302,0.72,2250.88,206.06,2044.82,266.35,0.952,28,5103.8,962.71,751.85,0.588,1,12
C11316,2418.1032331323127,0.94,1791.56,154.65,1636.91,79.51,0.778,21,5724.05,1669.25,754.08,0.426,0,9
C11317,2361.406262279878,0.747,1979.06,357.09,1621.96,89.83,0.787,29,3342.65,2381.7,359.51,0.252,2,10
C11318,1573.5330941704628,0.756,3017.22,433.9,2583.31,100.45,0.903,26,5115.7,2222.78,41.06,0.362,1,9
C11319,1190.6195795518038,0.994,2772.89,139.25,2633.64,266.53,0.764,27,6885.79,2391.14,567.85,0.332,1,11
C11320,2321.1740536191064,0.915,2367.98,243.83,2124.15,279.23,0.769,31,3503.26,1483.1,763.74,0.286,0,12
C11321,1083.298103169114,0.775,1779.67,317.99,1461.68,10.41,0.792,28,6727.94,1235.41,179.17,0.573,0,9
C11322,1637.3095248575444,0.877,2597.77,140.53,2457.24,250.62,0.904,27,2471.92,2928.03,425.28,0.552,2,9
C11323,2311.174383239075,0.86,2209.91,111.57,2098.34,231.89,0.967,36,3715.61,1907.39,571.48,0.28,0,12
C11324,998.1969002012232,0.953,3421.97,315.47,3106.5,305.36,0.902,21,5027.82,993.81,331.79,0.341,1,10
C11325,1997.5341513822673,0.919,2173.72,406.7,1767.02,188.51,0.948,24,5730.38,3080.2,154.37,0.505,0,10
C11326,1812.336477506322,0.95,3378.67,625.8,2752.87,145.57,0.863,30,4640.93,1755.01,351.26,0.283,1,10
C11327,1476.2900746610635,0.763,2336.38,298.62,2037.76,264.52,0.721,22,4599.99,326.32,386.18,0.437,0,12
C11328,903.9398405201304,0.892,1474.21,196.05,1278.16,219.89,0.73,28,7160.74,2527.26,122.77,0.48,1,9
C11329,1065.3361439380344,0.712,4507.7,449.87,4057.83,374.49,0.866,33,7283.04,644.82,714.31,0.462,1,11
C11330,1673.670643710395,0.721,1187.13,102.76,1084.37,245.87,0.798,35,4863.41,1944.21,810.78,0.483,1,9
C11331,645.997923071168,0.914,816.29,140.63,675.66,165.35,0.766,28,4908.83,2221.22,505.91,0.483,0,12
C11332,1578.44631541095,0.707,747.68,49.31,698.38,32.59,0.84,22,5069.42,2140.7,645.9,0.586,1,12
C11333,1824.630590436998,0.874,4117.78,506.91,3610.87,91.91,0.9,20,8826.62,2578.04,204.16,0.339,1,9
C11334,2091.1321036854606,0.952,3686.79,535.17,3151.62,6.4,0.815,31,5525.44,2308.56,471.68,0.551,0,12
C11335,660.9857553238664,0.814,2300.81,150.82,2149.99,128.49,0.941,28,7856.52,2728.32,384.22,0.209,1,9
C11336,2289.7483782967643,0.713,2503.9,320.35,2183.55,242.61,0.922,28,6598.03,1753.51,582.31,0.315,2,9
C11337,2517.218096507961,0.914,2375.65,324.58,2051.06,149.63,0.92,28,5342.7,1593.19,0.0,0.219,0,10
C11338,1746.0909406281564,0.979,960.54,155.01,805.53,252.17,0.996,33,4528.92,1626.67,439.19,0.46,1,12
C11339,2361.406262279878,0.915,3221.18,274.53,2946.65,183.76,0.789,24,6668.78,2486.82,625.68,0.24,1,12
C11340,1303.1344269838553,0.874,3129.5,294.17,2835.33,109.69,0.893,24,4320.8,1480.31,547.64,0.538,0,10
C11341,1471.4416529288958,0.769,1338.23,181.23,1157.0,158.76,0.957,27,4920.23,2223.7,656.58,0.459,0,10
C11342,1662.278105238334,0.705,2427.98,479.45,1948.53,197.21,0.874,24,6488.26,1370.05,380.32,0.212,1,10
C11343,1513.1889315861615,0.908,2148.61,177.53,1971.08,163.92,0.937,26,5139.12,1379.09,0.0,0.486,1,11
C11344,1668.6990857367705,0.769,2052.19,406.1,1646.09,165.07,0.824,28,4907.57,2392.14,719.78,0.545,0,12
C11345,2361.406262279878,0.957,1724.63,271.03,1453.6,73.09,0.877,23,5038.08,2018.33,651.83,0.464,1,9
C11346,1659.064256707346,0.84,2121.37,368.93,1752.44,106.7,0.717,28,4469.95,720.18,813.75,0.212,1,9
C11347,1223.6859473032116,0.859,1831.21,116.18,1715.02,375.85,0.996,32,6174.2,1373.09,514.85,0.543,0,9
C11348,1297.0879698105189,0.926,2944.97,279.96,2665.01,272.85,0.94,28,5554.37,514.57,583.25,0.493,1,12
C11349,1154.3848977139994,0.934,2180.65,127.92,2052.73,2.62,0.961,29,3465.74,1612.24,965.85,0.351,2,11
C11350,2650.3557207024433,0.893,1715.22,181.35,1533.86,0.0,0.908,22,4768.8,1663.29,129.8,0.331,0,12
C11351,2361.406262279878,0.982,2182.35,430.35,1752.01,157.62,0.756,25,4949.44,1562.98,588.94,0.392,1,12
C11352,1833.1765140081695,0.995,2101.09,138.23,1962.86,239.35,0.709,19,4938.93,2403.25,743.55,0.547,1,12
C11353,2295.185398360643,0.984,2071.63,278.34,1793.29,98.01,0.959,22,6398.64,2006.53,542.52,0.301,0,12
C11354,1979.0768033867296,0.947,2673.96,136.13,2537.83,252.17,0.819,36,4446.71,3032.93,513.26,0.24,0,12
C11355,2361.406262279878,0.912,2006.35,314.8,1691.55,155.97,0.779,27,9555.81,2067.06,203.29,0.546,0,11
C11356,596.6571953881898,0.899,1800.24,143.26,1656.98,133.69,0.869,33,7578.33,2076.26,793.44,0.211,0,10
C11357,1342.701647924916,0.731,1247.92,86.65,1161.27,225.61,0.826,23,7571.1,1936.0,713.79,0.564,0,9
C11358,1298.9772647889888,0.781,2193.98,220.61,1973.37,96.81,0.895,21,3949.45,1665.49,756.51,0.322,1,12
C11359,820.1548961447058,0.702,3071.75,508.86,2562.89,121.33,0.845,22,2454.14,1475.18,495.69,0.403,2,12
C11360,608.3026352360304,0.741,2113.33,139.46,1973.87,217.02,0.909,33,4991.4,1682.51,435.85,0.253,0,12
C11361,1795.631607940215,0.832,1848.74,156.17,1692.57,146.86,0.956,30,5940.29,1705.46,498.66,0.561,1,9
C11362,1694.7025934224878,0.744,1669.93,85.62,1584.32,340.88,0.759,29,5257.06,1752.9,839.86,0.5,0,11
C11363,799.5618119594328,0.97,993.32,193.96,799.36,219.38,0.799,25,4705.27,2117.99,447.94,0.57,0,9
C11364,1052.4728961382864,0.942,3023.52,419.73,2603.79,212.88,0.831,22,2888.52,1950.04,796.39,0.473,0,11
C11365,2196.733363892498,0.721,2539.29,401.17,2138.12,145.05,0.989,34,4491.79,1541.54,470.58,0.274,0,10
C11366,2361.406262279878,0.775,2738.74,404.53,2334.21,237.48,0.81,36,5135.38,1430.93,328.55,0.323,2,12
C11367,1602.4793423602814,0.946,2375.75,170.23,2205.52,117.74,0.814,26,4756.95,1912.14,84.55,0.395,0,11
C11368,1386.1330202592114,0.941,1636.25,227.83,1408.42,178.24,0.896,29,4748.41,1336.63,614.83,0.443,1,9
C11369,1803.8180826372377,0.984,1978.21,137.91,1840.3,58.37,0.826,22,4302.57,1586.56,653.62,0.571,0,11
C11370,986.3354084061418,0.999,1849.62,203.8,1645.82,253.94,0.985,31,7982.29,1534.33,269.89,0.354,0,11
C11371,1554.0500865240642,0.993,1908.2,258.26,1649.93,179.06,0.968,23,6562.67,3013.02,795.37,0.481,1,10
C11372,2361.406262279878,0.823,1912.49,255.95,1656.54,348.25,0.854,30,6934.01,1162.91,223.72,0.584,0,12
C11373,1638.108483737532,0.775,2973.34,201.77,2771.57,389.23,0.893,27,5909.16,1403.68,641.69,0.261,2,12
C11374,1547.4443147775678,0.928,3615.2,199.43,3415.77,226.33,0.717,25,3497.35,1522.21,651.5,0.545,0,9
C11375,1706.765592356466,0.79,1589.41,269.78,1319.63,156.84,0.909,37,6607.65,1574.02,714.63,0.368,1,9
C11376,2815.0621992304864,0.942,2081.55,330.73,1750.82,55.39,0.912,26,7522.33,2299.9,105.84,0.493,2,10
C11377,3036.778666062663,0.86,2351.75,146.45,2205.3,240.47,0.808,36,7741.09,1672.81,713.37,0.317,0,11
C11378,1116.470315527967,0.938,1513.68,104.61,1409.07,171.03,0.766,30,6435.46,1137.9,471.03,0.334,1,11
C11379,2361.406262279878,0.783,2236.97,411.35,1825.62,203.8,0.975,27,5501.48,2515.46,431.93,0.211,1,9
C11380,1857.297180433184,0.852,2446.15,404.52,2041.63,322.98,0.828,26,5497.16,1931.82,665.0,0.589,0,12
C11381,1611.7514759407595,0.869,2145.39,427.84,1717.55,67.56,0.896,24,6278.18,2010.26,692.14,0.525,1,11
C11382,2136.625115510148,0.983,2638.92,232.48,2406.44,57.57,0.71,39,3038.49,2125.42,102.27,0.238,0,10
C11383,1670.9315398291903,0.78,2200.23,271.0,1929.23,126.36,0.824,34,6457.87,1183.98,242.04,0.6,0,9
C11384,1535.1623637154314,0.981,193.92,16.57,177.34,232.12,0.945,26,4771.47,1796.56,739.84,0.442,0,11
C11385,2177.3439575263333,0.941,1527.65,219.1,1308.55,205.49,0.816,23,8814.2,2210.62,595.0,0.541,2,12
C11386,2261.2683530483055,0.919,3202.69,215.58,2987.11,60.43,0.881,28,5049.25,1479.87,536.35,0.227,0,12
C11387,668.0639647314009,0.936,2564.2,177.15,2387.05,225.66,0.763,31,5791.81,1953.33,302.87,0.356,0,10
C11388,1010.0362877162498,0.882,204.18,12.41,191.77,29.88,0.825,25,5717.08,2071.76,587.77,0.468,1,10
C11389,1436.644224426793,0.773,1142.89,176.05,966.84,66.23,0.978,25,4461.79,1070.02,743.79,0.243,0,9
C11390,1559.06257435475,0.757,2705.27,335.75,2369.52,138.45,0.87,33,6185.95,1283.78,963.59,0.396,1,9
C11391,1364.410077988651,0.96,1796.69,256.32,1540.38,94.66,0.971,28,6013.14,657.61,429.16,0.377,0,12
C11392,2361.406262279878,0.918,308.43,56.1,252.33,238.99,0.971,31,7034.21,1913.37,675.42,0.286,1,12
C11393,2097.66287359026,0.764,2941.57,473.74,2467.84,178.64,0.983,21,6580.67,2742.48,870.98,0.32,1,11
C11394,2533.625826432437,0.885,2706.71,322.8,2383.91,326.56,0.969,35,5780.72,1453.91,210.26,0.587,0,11
C11395,1847.34781426374,0.834,1619.48,320.1,1299.39,125.28,0.701,35,4271.83,1703.66,859.83,0.315,0,11
C11396,988.599792928134,0.748,3071.52,363.79,2707.73,137.78,0.98,24,4315.43,2306.66,656.875,0.285,1,10
C11397,1411.574264881309,0.86,1646.01,110.06,1535.95,271.04,0.741,26,7985.52,1932.94,514.97,0.414,1,10
C11398,1454.7886552442658,0.784,1763.97,350.85,1413.12,140.91,0.712,29,5630.72,1313.15,391.65,0.468,0,11
C11399,1808.7841439886956,0.729,1860.01,99.37,1760.65,299.4,0.717,28,8614.84,2563.15,427.22,0.49,0,12
C11400,1732.9008200603653,0.84,873.17,115.68,757.49,204.08,0.805,29,4272.61,1898.66,351.0,0.502,0,9
C11401,2730.2379906669057,0.877,2488.9,239.84,2249.05,0.0,0.886,32,8790.72,1683.89,309.4,0.215,1,10
C11402,1223.0921188470547,0.714,2564.07,321.88,2242.2,267.76,0.821,24,4084.73,1725.28,589.92,0.358,2,10
C11403,1730.850320260082,0.821,1879.03,251.43,1627.6,241.27,0.708,21,4842.42,2095.43,722.54,0.51,0,11
C11404,2912.826838646455,0.777,2694.38,231.76,2462.62,245.13,0.843,18,6163.22,1493.31,290.45,0.562,0,9
C11405,1148.8758618578393,0.709,1086.21,145.04,941.17,0.0,0.833,27,6996.31,2585.81,360.97,0.441,0,10
C11406,1587.089217702213,0.738,2680.26,437.98,2242.28,83.7,0.927,25,6162.245000000001,2429.32,551.27,0.221,0,9
C11407,933.0716993255908,0.742,2427.78,218.44,2209.34,91.13,0.784,28,2630.33,1804.24,277.1,0.359,1,10
C11408,1549.252139776459,0.755,1716.52,184.55,1531.97,65.89,0.765,19,4641.39,1830.8,548.83,0.23,2,9
C11409,1031.8697111174151,0.941,2489.88,224.68,2265.2,324.19,0.777,32,3781.72,1376.98,446.06,0.499,0,9
C11410,2128.0805420948077,0.832,1582.89,273.97,1308.92,148.82,0.791,25,3428.03,1481.33,172.41,0.225,1,10
C11411,1588.3913154188372,0.744,2973.58,472.05,2501.53,146.34,0.88,28,5475.65,1232.3,594.33,0.274,0,9
C11412,938.761644010624,0.73,2568.94,464.15,2104.78,205.2,0.841,32,2332.64,1697.96,656.875,0.367,1,12
C11413,2004.340618675003,0.789,2454.55,185.34,2269.21,206.93,0.801,27,6999.86,1831.17,705.01,0.385,1,10
C11414,1607.7996233229524,0.939,1876.34,114.53,1761.81,0.0,0.812,26,6617.18,1004.96,460.9,0.363,0,10
C11415,2071.691266334073,0.809,2742.63,186.25,2556.38,85.36,0.811,34,7929.11,2144.46,357.74,0.385,2,12
C11416,811.4024232313508,0.748,3042.6,225.62,2816.98,8.72,0.992,21,3900.03,1364.56,493.35,0.485,0,9
C11417,1721.2946473491968,0.821,3324.82,432.1,2892.72,190.03,0.77,22,4047.63,2005.91,748.39,0.348,1,12
C11418,1964.0050167868253,0.867,1818.3,355.73,1462.57,121.11,0.945,33,7078.25,2203.63,868.36,0.419,1,10
C11419,1245.9735058585582,0.709,2772.98,287.24,2485.74,151.54,0.912,41,7191.69,2453.53,618.61,0.321,0,12
C11420,744.5983638191093,0.888,3176.81,615.59,2561.22,0.0,0.702,34,7522.99,2348.53,382.19,0.341,1,9
C11421,1475.0355027777637,0.819,2029.87,113.12,1916.74,119.01,0.998,23,7231.24,2628.32,506.52,0.446,1,12
C11422,2236.869176268557,0.703,3183.8,601.84,2581.96,261.51,0.927,25,5828.72,2207.74,480.32,0.396,2,10
C11423,2175.558198380434,0.902,2311.21,178.36,2132.84,290.94,0.905,30,4809.9,1883.86,469.95,0.489,1,9
C11424,1242.942939146654,0.914,1486.94,277.87,1209.08,221.89,0.822,32,6602.5,1563.66,449.12,0.424,0,10
C11425,730.1487381741346,0.889,1703.02,99.51,1603.51,16.45,0.867,18,4837.22,1740.28,306.91,0.521,1,10
C11426,1241.2921677902564,0.803,1189.61,228.68,960.93,275.94,0.776,31,5657.93,2614.73,695.12,0.377,1,11
C11427,1218.9134095608524,0.859,2172.77,174.08,1998.68,222.4,0.711,25,4927.33,1701.08,672.16,0.396,1,10
C11428,1767.8680699828665,0.816,2087.87,199.2,1888.67,138.28,0.951,24,5899.95,1797.43,504.63,0.468,1,10
C11429,1436.999098257527,0.91,2331.87,288.32,2043.56,0.0,0.969,32,7363.1,2538.11,751.75,0.288,0,9
C11430,1048.0414729577149,0.875,3153.19,337.73,2815.46,245.36,0.749,36,4975.83,1683.34,618.21,0.354,0,9
C11431,2162.557840356401,0.725,2188.5,328.56,1859.94,90.78,0.936,35,4747.92,1402.6,276.71,0.45,1,9
C11432,1584.2555204669006,0.893,2013.01,395.0,1618.01,184.62,0.922,21,5340.8,2366.59,429.12,0.212,2,12
C11433,1761.2493916385645,0.906,2060.35,290.43,1769.91,156.84,0.754,25,3731.53,1386.25,796.07,0.375,1,12
C11434,465.0087395212397,0.811,902.66,142.82,759.83,303.84,0.827,21,6496.18,2001.91,427.87,0.44,2,9
C11435,45.44107758162852,0.963,2678.43,169.28,2509.15,137.46,0.827,33,5674.78,1914.41,361.33,0.587,2,12
C11436,637.4725311333551,0.953,2094.45,301.96,1792.49,148.49,0.928,23,5446.92,1957.87,656.875,0.551,2,11
C11437,1211.6739446359345,0.753,2256.23,266.41,1989.82,307.86,0.951,22,5992.98,590.12,443.96,0.312,2,12
C11438,1845.8136105682852,0.971,2059.46,376.61,1682.86,84.18,0.728,36,3289.07,2190.23,612.16,0.403,1,11
C11439,94.65187775562116,0.832,2289.17,247.76,2041.41,231.43,0.869,29,7600.98,1770.25,492.78,0.223,1,9
C11440,2455.7112386231925,0.917,1281.77,194.72,1087.05,130.14,0.929,36,4720.53,2108.14,340.67,0.296,1,9
C11441,1602.3396160620755,0.944,2199.24,185.23,2014.02,49.75,0.936,20,4937.86,2050.4,361.38,0.51,0,12
C11442,2316.176995769946,0.852,1777.18,158.0,1619.18,150.12,0.744,20,6797.56,1957.97,162.85,0.249,0,9
C11443,968.4179505155228,0.82,2224.45,236.72,1987.73,219.17,0.858,27,6416.85,1601.41,278.96,0.303,0,9
C11444,1802.3159605034944,0.975,1489.53,142.41,1347.11,285.37,0.957,26,8498.29,1606.93,625.68,0.578,0,10
C11445,1551.1175579824726,0.769,2535.0,223.29,2311.71,297.47,0.796,30,4052.24,1772.85,741.15,0.53,0,9
C11446,1990.6117878327325,0.777,2214.98,127.25,2087.73,120.52,0.828,28,4093.53,1885.74,377.91,0.513,2,10
C11447,1359.7251794401698,0.808,1293.16,226.97,1066.2,51.28,0.941,30,3706.2,1588.0,225.0,0.546,1,9
C11448,1783.9291254045531,0.958,2862.43,170.73,2691.7,118.13,0.727,22,5700.28,2271.47,727.57,0.5,0,11
C11449,2161.31719126272,0.982,1839.96,336.91,1503.06,31.85,0.958,34,5094.13,1636.08,733.49,0.248,1,11
C11450,1109.2942236649349,0.766,1948.97,134.13,1814.84,128.26,0.793,36,4457.05,1310.07,644.59,0.407,1,9
C11451,1645.3465394937898,0.959,2758.75,164.94,2593.81,115.83,0.7,27,5401.49,2097.62,209.81,0.378,0,11
C11452,367.282657666591,0.777,2951.37,396.81,2554.55,222.75,0.77,29,3951.79,2740.58,603.02,0.324,1,11
C11453,1921.5018114380143,0.991,1873.89,234.92,1638.96,0.0,0.727,25,7818.93,1216.22,610.32,0.534,0,11
C11454,2672.797526077494,0.879,2278.04,281.76,1996.28,76.64,0.728,24,4451.15,1737.34,680.12,0.386,1,12
C11455,753.3383713507828,0.702,2677.38,364.59,2312.78,77.45,0.908,28,4643.28,2331.95,530.2,0.224,0,11
C11456,1445.171243743234,0.71,3084.28,287.02,2797.26,268.71,0.764,35,1919.65,2084.92,349.96,0.31,1,10
C11457,2028.288780548468,0.744,2262.07,338.05,1924.02,38.62,0.98,25,3031.73,2110.62,419.09,0.291,1,12
C11458,1518.8504840799303,0.756,2530.22,317.19,2213.03,172.67,0.855,38,4617.94,1815.24,735.41,0.555,0,10
C11459,2361.406262279878,0.93,1560.24,156.35,1403.89,137.19,0.838,32,5041.76,471.0,575.91,0.459,2,10
C11460,1265.4003350858168,0.767,1141.39,198.57,942.81,254.3,0.83,40,6579.07,1928.93,238.39,0.424,0,10
C11461,1243.1086481472512,0.991,2588.43,411.97,2176.46,209.58,0.908,33,3256.59,1986.74,841.29,0.403,1,12
C11462,1447.983507848773,0.891,1635.15,178.3,1456.85,162.12,0.836,25,6162.245000000001,2362.92,731.11,0.46,2,9
C11463,1525.0028532836138,0.908,1552.95,275.09,1277.86,94.53,0.739,38,6436.28,1424.52,832.5,0.502,2,11
C11464,791.1352430536141,0.765,2648.99,498.11,2150.88,0.0,0.964,33,6515.42,2641.41,726.86,0.422,0,11
C11465,1460.3868084323828,0.968,2096.79,273.69,1823.09,174.71,0.829,26,7053.49,1644.78,314.32,0.575,0,9
C11466,2441.120363225596,0.9,2359.3,194.04,2165.26,203.05,0.722,32,3757.12,1558.68,656.875,0.591,1,9
C11467,1248.5197238466571,0.959,1301.73,243.9,1057.83,0.0,0.859,26,6311.85,1439.62,620.7,0.598,0,10
C11468,757.6470102752234,0.987,1562.25,122.51,1439.74,26.63,0.894,34,8147.74,2323.16,656.875,0.468,1,12
C11469,1409.150359208144,0.738,3341.43,191.34,3150.09,175.23,0.783,26,7600.4,1252.0,265.52,0.573,1,10
C11470,1071.232312725422,0.729,1739.4,172.41,1566.98,183.91,0.94,31,8337.93,2115.96,648.68,0.362,1,11
C11471,696.9949048068363,0.941,2057.7,327.27,1730.43,50.94,0.901,32,5861.5,1396.22,664.54,0.544,0,9
C11472,1583.5010770395725,0.96,2366.15,446.0,1920.16,92.59,0.895,23,4612.22,1777.92,973.64,0.564,1,11
C11473,1073.8307777093532,0.875,1451.03,211.26,1239.77,0.0,0.826,26,1704.39,1037.67,656.875,0.562,2,9
C11474,1125.171499888035,0.81,3146.96,606.66,2540.3,287.73,0.989,33,3635.89,2192.69,163.41,0.532,1,12
C11475,2361.406262279878,0.896,2205.25,140.82,2064.43,20.01,0.782,31,4711.9,1724.98,469.77,0.363,1,10
C11476,580.0952427825993,0.792,2034.51,120.27,1914.24,204.23,0.873,18,4982.33,2078.72,656.875,0.264,0,11
C11477,455.05820984932507,0.772,2947.68,414.53,2533.15,146.5,0.793,34,4312.37,1710.54,427.18,0.334,0,12
C11478,1902.523316701159,0.846,2838.26,553.23,2285.03,278.96,0.923,29,6009.36,2063.87,520.35,0.507,0,11
C11479,341.49983956555025,0.765,3576.89,448.57,3128.32,70.77,0.714,23,5792.21,1776.95,371.58,0.293,1,9
C11480,913.9933828155872,0.845,1894.08,109.34,1784.74,156.13,0.714,37,5561.43,2170.32,738.62,0.391,0,11
C11481,420.0962787669375,0.987,3735.29,310.71,3424.58,0.0,0.943,22,6677.94,2066.89,648.92,0.426,1,12
C11482,1208.3181198907007,0.952,2652.3,230.0,2422.29,0.0,0.83,29,4795.55,1898.12,335.99,0.442,1,12
C11483,1756.8352485906994,0.982,3383.28,340.62,3042.66,209.63,0.802,19,7143.98,1349.93,395.61,0.574,1,10
C11484,1567.402769239426,0.942,2890.06,163.41,2726.66,0.0,0.882,21,3694.32,1581.3,364.1,0.465,0,11
C11485,2361.406262279878,0.806,1750.61,325.15,1425.47,127.18,0.911,27,5044.63,1413.89,128.08,0.515,1,9
C11486,2152.1493706734004,0.944,1616.4,205.82,1410.58,251.13,0.76,36,5977.81,2514.35,347.6,0.433,1,11
C11487,2361.406262279878,0.977,937.11,141.17,795.95,224.67,0.756,35,2621.99,2190.18,145.43,0.533,0,10
C11488,781.7669971041537,0.984,792.6,47.62,744.98,83.54,0.987,19,4744.19,1818.87,686.72,0.305,0,9
C11489,3124.012764585301,0.905,1771.41,102.95,1668.46,0.0,0.877,34,6567.62,1518.93,702.58,0.284,1,9
C11490,2137.543203440018,0.763,3086.9,425.9,2661.0,200.95,0.817,19,4858.99,1405.11,440.24,0.571,0,10
C11491,1853.621764361743,0.712,1851.31,338.96,1512.35,284.23,0.94,26,2766.08,1861.24,540.94,0.477,0,9
C11492,1544.9110873293707,0.744,1726.5,223.19,1503.31,83.78,0.858,21,4168.99,2721.6,714.2,0.469,0,12
C11493,1664.1129404850103,0.99,2689.75,488.65,2201.09,69.67,0.772,31,3482.32,1802.97,656.76,0.387,0,12
C11494,610.7560347105443,0.839,1596.93,274.11,1322.82,97.51,0.762,30,6244.31,2400.96,900.94,0.351,2,9
C11495,1594.2235021180609,0.956,3488.4,214.11,3274.28,207.16,0.819,29,5675.93,1937.83,551.88,0.422,1,11
C11496,1542.7388384754088,0.84,2016.83,161.94,1854.89,272.85,0.958,28,3157.81,2081.29,790.53,0.248,1,9
C11497,957.516694139112,0.898,2851.48,423.89,2427.59,26.04,0.718,27,3043.05,1562.04,519.02,0.382,2,11
C11498,1176.8841278589127,0.707,2059.95,240.04,1819.92,0.17,0.766,22,4412.71,1701.47,476.1,0.382,1,10
C11499,2409.1058360661336,0.775,2217.2,207.54,2009.66,384.0,0.968,23,5546.94,1384.6,635.74,0.415,1,12
C11500,1424.8950478230825,0.831,2988.96,337.14,2651.82,132.27,0.737,26,4492.2,1952.29,610.43,0.454,0,12
